PAGE URL,zyn_wintergreen_6mg,Image,Description
https://prilla.com/us/zyn-nicotine-pouches/zyn-wintergreen-6,ZYN Wintergreen 6mg,https://prilla.com/media/catalog/product/cache/1f74410ad1047917b68b5f820981491a/z/y/zyn_wintergreen_06_can_90o_sgw_2019.jpg,ZYN Wintergreen 6mg
https://prilla.com/us/zyn-nicotine-pouches/zyn-spearmint-6,ZYN Spearmint 6mg,https://prilla.com/media/catalog/product/cache/1f74410ad1047917b68b5f820981491a/z/y/zyn_spearmint_06_can_90o_sgw_2019_1.jpg,ZYN Spearmint 6mg
https://prilla.com/us/zyn-nicotine-pouches/zyn-smooth-6,ZYN Smooth 6mg,https://prilla.com/media/catalog/product/cache/1f74410ad1047917b68b5f820981491a/z/y/zyn_smooth_6.png,ZYN Smooth 6mg
https://prilla.com/us/zyn-nicotine-pouches/zyn-spearmint-3,ZYN Spearmint 3mg,https://prilla.com/media/catalog/product/cache/1f74410ad1047917b68b5f820981491a/z/y/zyn_spearmint_03_can_90o_sgw_2019.jpg,ZYN Spearmint 3mg
https://prilla.com/us/zyn-nicotine-pouches/zyn-wintergreen-3,ZYN Wintergreen 3mg,https://prilla.com/media/catalog/product/cache/1f74410ad1047917b68b5f820981491a/z/y/zyn_wintergreen_03_can_90o_sgw_2019.jpg,ZYN Wintergreen 3mg
https://prilla.com/us/zyn-nicotine-pouches/zyn-smooth-3,ZYN Smooth 3mg,https://prilla.com/media/catalog/product/cache/1f74410ad1047917b68b5f820981491a/z/y/zyn_smooth_3.png,ZYN Smooth 3mg
https://prilla.com/us/zyn-nicotine-pouches/zyn-peppermint-6,ZYN Peppermint 6mg,https://prilla.com/media/catalog/product/cache/1f74410ad1047917b68b5f820981491a/z/y/zyn_peppermint_06_can_90o_sgw_2019.jpg,ZYN Peppermint 6mg
https://prilla.com/us/zyn-nicotine-pouches/zyn-peppermint-3,ZYN Peppermint 3mg,https://prilla.com/media/catalog/product/cache/1f74410ad1047917b68b5f820981491a/z/y/zyn_peppermint_03_can_90o_sgw_2019.jpg,ZYN Peppermint 3mg
https://prilla.com/us/zyn-nicotine-pouches/zyn-menthol-6,ZYN Menthol 6mg,https://prilla.com/media/catalog/product/cache/1f74410ad1047917b68b5f820981491a/z/y/zyn_menthol_06.png,ZYN Menthol 6mg
https://prilla.com/us/zyn-nicotine-pouches/zyn-menthol-3,ZYN Menthol 3mg,https://prilla.com/media/catalog/product/cache/1f74410ad1047917b68b5f820981491a/z/y/zyn_menthol_03.png,ZYN Menthol 3mg
https://prilla.com/us/zyn-nicotine-pouches/zyn-cool-mint-6,ZYN Cool Mint 6mg,https://prilla.com/media/catalog/product/cache/1f74410ad1047917b68b5f820981491a/z/y/zyn_coolmint_06_can_90o_sgw_2019.jpg,ZYN Cool Mint 6mg
https://prilla.com/us/zyn-nicotine-pouches/zyn-cool-mint-3,ZYN Cool Mint 3mg,https://prilla.com/media/catalog/product/cache/1f74410ad1047917b68b5f820981491a/z/y/zyn_coolmint_03_can_90o_sgw_2019.jpg,ZYN Cool Mint 3mg
https://prilla.com/us/zyn-nicotine-pouches/zyn-coffee-6,ZYN Coffee 6mg,https://prilla.com/media/catalog/product/cache/1f74410ad1047917b68b5f820981491a/z/y/zyn_coffee_06_can_90o_sgw_2019.jpg,ZYN Coffee 6mg
https://prilla.com/us/zyn-nicotine-pouches/zyn-coffee-3,ZYN Coffee 3mg,https://prilla.com/media/catalog/product/cache/1f74410ad1047917b68b5f820981491a/z/y/zyn_coffee_03_can_90o_sgw_2019_2.jpg,ZYN Coffee 3mg
https://prilla.com/us/zyn-nicotine-pouches/zyn-citrus-6,ZYN Citrus 6mg,https://prilla.com/media/catalog/product/cache/1f74410ad1047917b68b5f820981491a/z/y/zyn_citrus_6mg.png,ZYN Citrus 6mg
https://prilla.com/us/zyn-nicotine-pouches/zyn-citrus-3,ZYN Citrus 3mg,https://prilla.com/media/catalog/product/cache/1f74410ad1047917b68b5f820981491a/z/y/zyn_citrus_3mg.png,ZYN Citrus 3mg
https://prilla.com/us/zyn-nicotine-pouches/zyn-cinnamon-6,ZYN Cinnamon 6mg,https://prilla.com/media/catalog/product/cache/1f74410ad1047917b68b5f820981491a/z/y/zyn_cinnamon_6mg.png,ZYN Cinnamon 6mg
https://prilla.com/us/zyn-nicotine-pouches/zyn-cinnamon-3,ZYN Cinnamon 3mg,https://prilla.com/media/catalog/product/cache/1f74410ad1047917b68b5f820981491a/z/y/zyn_cinnamon_3mg.png,ZYN Cinnamon 3mg
https://prilla.com/us/zyn-nicotine-pouches/zyn-chill-6,ZYN Chill 6mg,https://prilla.com/media/catalog/product/cache/1f74410ad1047917b68b5f820981491a/z/y/zyn_chill_6_1.png,ZYN Chill 6mg
https://prilla.com/us/zyn-nicotine-pouches/zyn-chill-3,ZYN Chill 3mg,https://prilla.com/media/catalog/product/cache/1f74410ad1047917b68b5f820981491a/z/y/zyn_chill_3.png,ZYN Chill 3mg
https://prilla.com/us/zyn-nicotine-pouches,ZYN Nicotine Pouches,,
https://prilla.com/us/zyn-alternatives,ZYN Alternatives,,
https://prilla.com/us/zone-nicotine-pouches/zone-wintergreen-9mg,zone Wintergreen 9mg,https://prilla.com/media/catalog/product/cache/1f74410ad1047917b68b5f820981491a/z/o/zone_wintergreen_9mg_t_360.png,zone Wintergreen 9mg
https://prilla.com/us/zone-nicotine-pouches/zone-wintergreen-6mg,zone Wintergreen 6mg,https://prilla.com/media/catalog/product/cache/1f74410ad1047917b68b5f820981491a/z/o/zone_wintergreen_6mg_t_360.png,zone Wintergreen 6mg
https://prilla.com/us/zone-nicotine-pouches/zone-tobacco-6mg,zone Tobacco 6mg,https://prilla.com/media/catalog/product/cache/1f74410ad1047917b68b5f820981491a/z/o/zone_tobacco_6mg_t_360.png,zone Tobacco 6mg
https://prilla.com/us/zone-nicotine-pouches/zone-tobacco-9mg,zone Tobacco 9mg,https://prilla.com/media/catalog/product/cache/1f74410ad1047917b68b5f820981491a/z/o/zone_tobacco_9mg_t_360.png,zone Tobacco 9mg
https://prilla.com/us/zone-nicotine-pouches/zone-spearmint-9mg,zone Spearmint 9mg,https://prilla.com/media/catalog/product/cache/1f74410ad1047917b68b5f820981491a/z/o/zone_spearmint_9mg_t_360.png,zone Spearmint 9mg
https://prilla.com/us/zone-nicotine-pouches/zone-peppermint-9mg,zone Peppermint 9mg,https://prilla.com/media/catalog/product/cache/1f74410ad1047917b68b5f820981491a/z/o/zone_peppermint_9mg_t_360.png,zone Peppermint 9mg
https://prilla.com/us/zone-nicotine-pouches/zone-spearmint-6mg,zone Spearmint 6mg,https://prilla.com/media/catalog/product/cache/1f74410ad1047917b68b5f820981491a/z/o/zone_spearmint_6mg_t_360.png,zone Spearmint 6mg
https://prilla.com/us/zone-nicotine-pouches/zone-peppermint-6mg,zone Peppermint 6mg,https://prilla.com/media/catalog/product/cache/1f74410ad1047917b68b5f820981491a/z/o/zone_peppermint_6mg_t_360.png,zone Peppermint 6mg
https://prilla.com/us/zone-nicotine-pouches/zone-mint-9mg,zone Mint 9mg,https://prilla.com/media/catalog/product/cache/1f74410ad1047917b68b5f820981491a/z/o/zone_mint_9mg_t_360.png,zone Mint 9mg
https://prilla.com/us/zone-nicotine-pouches/zone-mint-6mg,zone Mint 6mg,https://prilla.com/media/catalog/product/cache/1f74410ad1047917b68b5f820981491a/z/o/zone_mint_6mg_t_360.png,zone Mint 6mg
https://prilla.com/us/zone-nicotine-pouches/zone-dragonfruit-9mg,zone Dragonfruit 9mg,https://prilla.com/media/catalog/product/cache/1f74410ad1047917b68b5f820981491a/z/o/zone_dragonfruit_9mg_t_360.png,zone Dragonfruit 9mg
https://prilla.com/us/zone-nicotine-pouches/zone-dragonfruit-6mg,zone Dragonfruit 6mg,https://prilla.com/media/catalog/product/cache/1f74410ad1047917b68b5f820981491a/z/o/zone_dragonfruit_6mg_t_360.png,zone Dragonfruit 6mg
https://prilla.com/us/zone-nicotine-pouches/zone-citrus-9mg,zone Citrus 9mg,https://prilla.com/media/catalog/product/cache/1f74410ad1047917b68b5f820981491a/z/o/zone_citrus_9mg_t_360.png,zone Citrus 9mg
https://prilla.com/us/zone-nicotine-pouches/zone-citrus-6mg,zone Citrus 6mg,https://prilla.com/media/catalog/product/cache/1f74410ad1047917b68b5f820981491a/z/o/zone_citrus_6mg_t_360.png,zone Citrus 6mg
https://prilla.com/us/zone-nicotine-pouches,zone Nicotine Pouches,,
https://prilla.com/us/zimo-nicotine-pouches/zimo-wintergreen-8mg,ZIMO Wintergreen 8mg,https://prilla.com/media/catalog/product/cache/1f74410ad1047917b68b5f820981491a/z/i/zimo_wintergreen_8mg_t_360.png,ZIMO Wintergreen 8mg
https://prilla.com/us/zimo-nicotine-pouches/zimo-wintergreen-6mg,ZIMO Wintergreen 6mg,https://prilla.com/media/catalog/product/cache/1f74410ad1047917b68b5f820981491a/z/i/zimo_wintergreen_6mg_t_360.png,ZIMO Wintergreen 6mg
https://prilla.com/us/zimo-nicotine-pouches/zimo-original-8mg,ZIMO Original 8mg,https://prilla.com/media/catalog/product/cache/1f74410ad1047917b68b5f820981491a/z/i/zimo_original_8mg_t_360.png,ZIMO Original 8mg
https://prilla.com/us/zimo-nicotine-pouches/zimo-original-6mg,ZIMO Original 6mg,https://prilla.com/media/catalog/product/cache/1f74410ad1047917b68b5f820981491a/z/i/zimo_original_6mg_t_360.png,ZIMO Original 6mg
https://prilla.com/us/zimo-nicotine-pouches/zimo-original-3mg,ZIMO Original 3mg,https://prilla.com/media/catalog/product/cache/1f74410ad1047917b68b5f820981491a/z/i/zimo_original_3mg_t_360.png,ZIMO Original 3mg
https://prilla.com/us/zimo-nicotine-pouches/zimo-mint-8mg,ZIMO Mint 8mg,https://prilla.com/media/catalog/product/cache/1f74410ad1047917b68b5f820981491a/z/i/zimo_mint_8mg_t_360.png,ZIMO Mint 8mg
https://prilla.com/us/zimo-nicotine-pouches/zimo-mint-6mg,ZIMO Mint 6mg,https://prilla.com/media/catalog/product/cache/1f74410ad1047917b68b5f820981491a/z/i/zimo_mint_6mg_t_360.png,ZIMO Mint 6mg
https://prilla.com/us/zimo-nicotine-pouches/zimo-lemon-8mg,ZIMO Lemon 8mg,https://prilla.com/media/catalog/product/cache/1f74410ad1047917b68b5f820981491a/z/i/zimo_lemon_8mg_t_360.png,ZIMO Lemon 8mg
https://prilla.com/us/zimo-nicotine-pouches/zimo-lemon-6mg,ZIMO Lemon 6mg,https://prilla.com/media/catalog/product/cache/1f74410ad1047917b68b5f820981491a/z/i/zimo_lemon_6mg_t_360.png,ZIMO Lemon 6mg
https://prilla.com/us/zimo-nicotine-pouches/zimo-grape-8mg,ZIMO Grape 8mg,https://prilla.com/media/catalog/product/cache/1f74410ad1047917b68b5f820981491a/z/i/zimo_grape_8mg_t_360.png,ZIMO Grape 8mg
https://prilla.com/us/zimo-nicotine-pouches/zimo-grape-6mg,ZIMO Grape 6mg,https://prilla.com/media/catalog/product/cache/1f74410ad1047917b68b5f820981491a/z/i/zimo_grape_6mg_t_360.png,ZIMO Grape 6mg
https://prilla.com/us/zimo-nicotine-pouches/zimo-blueberry-8mg,ZIMO Blueberry 8mg,https://prilla.com/media/catalog/product/cache/1f74410ad1047917b68b5f820981491a/z/i/zimo_blueberry_8mg_white_t_360.png,ZIMO Blueberry 8mg
https://prilla.com/us/zimo-nicotine-pouches/zimo-blueberry-6mg,ZIMO Blueberry 6mg,https://prilla.com/media/catalog/product/cache/1f74410ad1047917b68b5f820981491a/z/i/zimo_blueberry_6mg_white_t_360.png,ZIMO Blueberry 6mg
https://prilla.com/us/zeo-nicotine-pouches/zeo-wintergreen-ice-9mg,ZEO Wintergreen Ice 9mg,https://prilla.com/media/catalog/product/cache/1f74410ad1047917b68b5f820981491a/z/e/zeo_wintergreen_ice_9mg_t_360.png,ZEO Wintergreen Ice 9mg
https://prilla.com/us/zeo-nicotine-pouches/zeo-wintergreen-ice-6mg,ZEO Wintergreen Ice 6mg,https://prilla.com/media/catalog/product/cache/1f74410ad1047917b68b5f820981491a/z/e/zeo_wintergreen_ice_6mg_t_360.png,ZEO Wintergreen Ice 6mg
https://prilla.com/us/zeo-nicotine-pouches/zeo-wintergreen-ice-12mg,ZEO Wintergreen Ice 12mg,https://prilla.com/media/catalog/product/cache/1f74410ad1047917b68b5f820981491a/z/e/zeo_wintergreen_ice_12mg_t_360.png,ZEO Wintergreen Ice 12mg
https://prilla.com/us/zeo-nicotine-pouches/zeo-watermelon-wave-9mg,ZEO Watermelon Wave 9mg,https://prilla.com/media/catalog/product/cache/1f74410ad1047917b68b5f820981491a/z/e/zeo_watermelon_wave_9mg_t_360.png,ZEO Watermelon Wave 9mg
https://prilla.com/us/zeo-nicotine-pouches/zeo-watermelon-wave-6mg,ZEO Watermelon Wave 6mg,https://prilla.com/media/catalog/product/cache/1f74410ad1047917b68b5f820981491a/z/e/zeo_watermelon_wave_6mg_t_360.png,ZEO Watermelon Wave 6mg
https://prilla.com/us/zeo-nicotine-pouches/zeo-pineapple-tropic-9mg,ZEO Pineapple Tropic 9mg,https://prilla.com/media/catalog/product/cache/1f74410ad1047917b68b5f820981491a/z/e/zeo_pineapple_tropic_9mg_t_360.png,ZEO Pineapple Tropic 9mg
https://prilla.com/us/zeo-nicotine-pouches/zeo-pineapple-tropic-6mg,ZEO Pineapple Tropic 6mg,https://prilla.com/media/catalog/product/cache/1f74410ad1047917b68b5f820981491a/z/e/zeo_pineapple_tropic_6mg_t_360.png,ZEO Pineapple Tropic 6mg
https://prilla.com/us/zeo-nicotine-pouches/zeo-mint-breeze-12mg,ZEO Mint Breeze 12mg,https://prilla.com/media/catalog/product/cache/1f74410ad1047917b68b5f820981491a/z/e/zeo_mint_breeze_12mg_t_360.png,ZEO Mint Breeze 12mg
https://prilla.com/us/zeo-nicotine-pouches/zeo-menthol-evergreen-9mg,ZEO Menthol Evergreen 9mg,https://prilla.com/media/catalog/product/cache/1f74410ad1047917b68b5f820981491a/z/e/zeo_menthol_evergreen_9mg_t_360.png,ZEO Menthol Evergreen 9mg
https://prilla.com/us/zeo-nicotine-pouches/zeo-menthol-evergreen-12mg,ZEO Menthol Evergreen 12mg,https://prilla.com/media/catalog/product/cache/1f74410ad1047917b68b5f820981491a/z/e/zeo_menthol_evergreen_12mg_t_360.png,ZEO Menthol Evergreen 12mg
https://prilla.com/us/zeo-nicotine-pouches/zeo-flavor-free-9mg,ZEO Flavor Free 9mg,https://prilla.com/media/catalog/product/cache/1f74410ad1047917b68b5f820981491a/z/e/zeo_flavor_free_9mg_t_360.png,ZEO Flavor Free 9mg
https://prilla.com/us/zeo-nicotine-pouches/zeo-flavor-free-6mg,ZEO Flavor Free 6mg,https://prilla.com/media/catalog/product/cache/1f74410ad1047917b68b5f820981491a/z/e/zeo_flavor_free_6mg_t_360.png,ZEO Flavor Free 6mg
https://prilla.com/us/xqs-nicotine-pouches/xqs-tropical-8mg,XQS Tropical 8mg,https://prilla.com/media/catalog/product/cache/1f74410ad1047917b68b5f820981491a/x/q/xqs_nicotine_pouches_tropical_8mg_t_360.png,XQS Tropical 8mg
https://prilla.com/us/xqs-nicotine-pouches/xqs-tropical-4mg,XQS Tropical 4mg,https://prilla.com/media/catalog/product/cache/1f74410ad1047917b68b5f820981491a/x/q/xqs_nicotine_pouches_tropical_4mg_t_360.png,XQS Tropical 4mg
https://prilla.com/us/xqs-nicotine-pouches/xqs-tropical-6mg,XQS Tropical 6mg,https://prilla.com/media/catalog/product/cache/1f74410ad1047917b68b5f820981491a/x/q/xqs_nicotine_pouches_tropical_6mg_t_360.png,XQS Tropical 6mg
https://prilla.com/us/xqs-nicotine-pouches/xqs-green-mint-8mg,XQS Green Mint 8mg,https://prilla.com/media/catalog/product/cache/1f74410ad1047917b68b5f820981491a/x/q/xqs_nicotine_pouches_green_mint_8mg_t_360.png,XQS Green Mint 8mg
https://prilla.com/us/xqs-nicotine-pouches/xqs-green-mint-6mg,XQS Green Mint 6mg,https://prilla.com/media/catalog/product/cache/1f74410ad1047917b68b5f820981491a/x/q/xqs_nicotine_pouches_green_mint_6mg_t_360.png,XQS Green Mint 6mg
https://prilla.com/us/xqs-nicotine-pouches/xqs-green-mint-4mg,XQS Green Mint 4mg,https://prilla.com/media/catalog/product/cache/1f74410ad1047917b68b5f820981491a/x/q/xqs_nicotine_pouches_green_mint_4mg_t_360.png,XQS Green Mint 4mg
https://prilla.com/us/xqs-nicotine-pouches/xqs-fizzy-cola-8mg,XQS Fizzy Cola 8mg,https://prilla.com/media/catalog/product/cache/1f74410ad1047917b68b5f820981491a/x/q/xqs_nicotine_pouches_fizzy_cola_8mg_t_360.png,XQS Fizzy Cola 8mg
https://prilla.com/us/xqs-nicotine-pouches/xqs-fizzy-cola-6mg,XQS Fizzy Cola 6mg,https://prilla.com/media/catalog/product/cache/1f74410ad1047917b68b5f820981491a/x/q/xqs_nicotine_pouches_fizzy_cola_6mg_t_360.png,XQS Fizzy Cola 6mg
https://prilla.com/us/xqs-nicotine-pouches/xqs-fizzy-cola-4mg,XQS Fizzy Cola 4mg,https://prilla.com/media/catalog/product/cache/1f74410ad1047917b68b5f820981491a/x/q/xqs_nicotine_pouches_fizzy_cola_4mg_t_360.png,XQS Fizzy Cola 4mg
https://prilla.com/us/xqs-nicotine-pouches/xqs-blueberry-mint-8mg,XQS Blueberry Mint 8mg,https://prilla.com/media/catalog/product/cache/1f74410ad1047917b68b5f820981491a/x/q/xqs_nicotine_pouches_blueberry_mint_8mg_t_360.png,XQS Blueberry Mint 8mg
https://prilla.com/us/xqs-nicotine-pouches/xqs-blueberry-mint-6mg,XQS Blueberry Mint 6mg,https://prilla.com/media/catalog/product/cache/1f74410ad1047917b68b5f820981491a/x/q/xqs_nicotine_pouches_blueberry_mint_6mg_t_360.png,XQS Blueberry Mint 6mg
https://prilla.com/us/xqs-nicotine-pouches/xqs-blueberry-mint-4mg,XQS Blueberry Mint 4mg,https://prilla.com/media/catalog/product/cache/1f74410ad1047917b68b5f820981491a/x/q/xqs_nicotine_pouches_blueberry_mint_4mg_t_360_1_.png,XQS Blueberry Mint 4mg
https://prilla.com/us/xqs-nicotine-pouches,XQS Nicotine Pouches,,
https://prilla.com/us/wintergreen-nicotine-pouches,Wintergreen Nicotine Pouches,,
https://prilla.com/us/white-fox-nicotine-pouches/white-fox-slim,White Fox Mint Slim 12mg,https://prilla.com/media/catalog/product/cache/1f74410ad1047917b68b5f820981491a/a/d/adjusted_white_fox_mint_360.png,White Fox Mint Slim 12mg
https://prilla.com/us/white-fox-nicotine-pouches/white-fox-peppered-mint,White Fox Peppered Mint 12mg,https://prilla.com/media/catalog/product/cache/1f74410ad1047917b68b5f820981491a/a/d/adjusted_white_fox_peppered_mint_360.png,White Fox Peppered Mint 12mg
https://prilla.com/us/white-fox-nicotine-pouches/white-fox-full-charge,White Fox Full Charge 18mg,https://prilla.com/media/catalog/product/cache/1f74410ad1047917b68b5f820981491a/a/d/adjusted_white_fox_full_charge_360.png,White Fox Full Charge 18mg
https://prilla.com/us/white-fox-nicotine-pouches/white-fox-double-mint,White Fox Double Mint 12mg,https://prilla.com/media/catalog/product/cache/1f74410ad1047917b68b5f820981491a/a/d/adjusted_white_fox_double_mint_360.png,White Fox Double Mint 12mg
https://prilla.com/us/white-fox-nicotine-pouches/white-fox-black-edition,White Fox Black Edition 20mg,https://prilla.com/media/catalog/product/cache/1f74410ad1047917b68b5f820981491a/a/d/adjusted_white_fox_black_edition_360.png,White Fox Black Edition 20mg
https://prilla.com/us/white-fox-nicotine-pouches,White Fox Nicotine Pouches,,
https://prilla.com/us/vito-nicotine-pouches/vito-wintergreen-9mg,VITO Wintergreen 9mg,https://prilla.com/media/catalog/product/cache/1f74410ad1047917b68b5f820981491a/v/i/vito_wintergreen_9mg_t_360.png,VITO Wintergreen 9mg
https://prilla.com/us/vito-nicotine-pouches/vito-wintergreen-6mg,VITO Wintergreen 6mg,https://prilla.com/media/catalog/product/cache/1f74410ad1047917b68b5f820981491a/v/i/vito_wintergreen_6mg_t_360.png,VITO Wintergreen 6mg
https://prilla.com/us/vito-nicotine-pouches/vito-watermelon-6mg,VITO Watermelon 6mg,https://prilla.com/media/catalog/product/cache/1f74410ad1047917b68b5f820981491a/v/i/vito_watermelon_6mg_t_360.png,VITO Watermelon 6mg
https://prilla.com/us/vito-nicotine-pouches/vito-original-9mg,VITO Original 9mg,https://prilla.com/media/catalog/product/cache/1f74410ad1047917b68b5f820981491a/v/i/vito_original_9mg_t_360.png,VITO Original 9mg
https://prilla.com/us/vito-nicotine-pouches/vito-original-6mg,VITO Original 6mg,https://prilla.com/media/catalog/product/cache/1f74410ad1047917b68b5f820981491a/v/i/vito_original_6mg_t_360.png,VITO Original 6mg
https://prilla.com/us/vito-nicotine-pouches/vito-original-3mg,VITO Original 3mg,https://prilla.com/media/catalog/product/cache/1f74410ad1047917b68b5f820981491a/v/i/vito_original_3mg_t_360.png,VITO Original 3mg
https://prilla.com/us/vito-nicotine-pouches/vito-mango-fusion-6mg,VITO Mango Fusion 6mg,https://prilla.com/media/catalog/product/cache/1f74410ad1047917b68b5f820981491a/v/i/vito_mango_fusion_6mg.png,VITO Mango Fusion 6mg
https://prilla.com/us/vito-nicotine-pouches/vito-cool-mint-9mg,VITO Cool Mint 9mg,https://prilla.com/media/catalog/product/cache/1f74410ad1047917b68b5f820981491a/v/i/vito_cool_mint_9mg_t_360.png,VITO Cool Mint 9mg
https://prilla.com/us/vito-nicotine-pouches/vito-cool-mint-6mg,VITO Cool Mint 6mg,https://prilla.com/media/catalog/product/cache/1f74410ad1047917b68b5f820981491a/v/i/vito_cool_mint_6mg_t_360.png,VITO Cool Mint 6mg
https://prilla.com/us/vito-nicotine-pouches/vito-citrus-9mg,VITO Citrus 9mg,https://prilla.com/media/catalog/product/cache/1f74410ad1047917b68b5f820981491a/v/i/vito_citrus_9mg_t_360.png,VITO Citrus 9mg
https://prilla.com/us/vito-nicotine-pouches/vito-citrus-6mg,VITO Citrus 6mg,https://prilla.com/media/catalog/product/cache/1f74410ad1047917b68b5f820981491a/v/i/vito_citrus_6mg_t_360.png,VITO Citrus 6mg
https://prilla.com/us/vito-nicotine-pouches/vito-berry-frost-6mg,VITO Berry Frost 6mg,https://prilla.com/media/catalog/product/cache/1f74410ad1047917b68b5f820981491a/v/i/vito_berry_frost_6mg_t_360.png,VITO Berry Frost 6mg
https://prilla.com/us/vito-nicotine-pouches,VITO Nicotine Pouches,,
https://prilla.com/us/velo-nicotine-pouches/velo-wintergreen-4,VELO Wintergreen 4mg,https://prilla.com/media/catalog/product/cache/1f74410ad1047917b68b5f820981491a/v/e/velo_wintergreen_4mg.png,VELO Wintergreen 4mg
https://prilla.com/us/velo-nicotine-pouches/velo-spearmint-4,VELO Spearmint 4mg,https://prilla.com/media/catalog/product/cache/1f74410ad1047917b68b5f820981491a/v/e/velo_spearmint_4mg.png,VELO Spearmint 4mg
https://prilla.com/us/velo-nicotine-pouches/velo-plus-wintergreen-9mg,VELO Plus Wintergreen 9mg,https://prilla.com/media/catalog/product/cache/1f74410ad1047917b68b5f820981491a/v/e/velo_plus_wintergreen_9mg_t_360.png,VELO Plus Wintergreen 9mg
https://prilla.com/us/velo-nicotine-pouches/velo-plus-wintergreen-6mg,VELO Plus Wintergreen 6mg,https://prilla.com/media/catalog/product/cache/1f74410ad1047917b68b5f820981491a/v/e/velo_plus_wintergreen_6mg_t_360.png,VELO Plus Wintergreen 6mg
https://prilla.com/us/velo-nicotine-pouches/velo-plus-wintergreen-3mg,VELO Plus Wintergreen 3mg,https://prilla.com/media/catalog/product/cache/1f74410ad1047917b68b5f820981491a/v/e/velo_plus_wintergreen_3mg_t_360.png,VELO Plus Wintergreen 3mg
https://prilla.com/us/velo-nicotine-pouches/velo-plus-wild-berry-9mg,VELO Plus Wild Berry 9mg,https://prilla.com/media/catalog/product/cache/1f74410ad1047917b68b5f820981491a/v/e/velo_plus_wild_berry_9mg_t_360.png,VELO Plus Wild Berry 9mg
https://prilla.com/us/velo-nicotine-pouches/velo-plus-wild-berry-6mg,VELO Plus Wild Berry 6mg,https://prilla.com/media/catalog/product/cache/1f74410ad1047917b68b5f820981491a/v/e/velo_plus_wild_berry_6mg_t_360.png,VELO Plus Wild Berry 6mg
https://prilla.com/us/velo-nicotine-pouches/velo-plus-wild-berry-3mg,VELO Plus Wild Berry 3mg,https://prilla.com/media/catalog/product/cache/1f74410ad1047917b68b5f820981491a/v/e/velo_plus_wild_berry_3mg_t_360.png,VELO Plus Wild Berry 3mg
https://prilla.com/us/velo-nicotine-pouches/velo-plus-watermelon-chill-6mg,VELO Plus Watermelon Chill 6mg,https://prilla.com/media/catalog/product/cache/1f74410ad1047917b68b5f820981491a/v/e/velo_plus_watermelon_chill_6mg_t_360.png,VELO Plus Watermelon Chill 6mg
https://prilla.com/us/velo-nicotine-pouches/velo-plus-spearmint-6mg,VELO Plus Spearmint 6mg,https://prilla.com/media/catalog/product/cache/1f74410ad1047917b68b5f820981491a/v/e/velo_plus_spearmint_6mg_t_360.png,VELO Plus Spearmint 6mg
https://prilla.com/us/velo-nicotine-pouches/velo-plus-smooth-9mg,VELO Plus Smooth 9mg,https://prilla.com/media/catalog/product/cache/1f74410ad1047917b68b5f820981491a/v/e/velo_plus_smooth_9mg_can_360_1_.png,VELO Plus Smooth 9mg
https://prilla.com/us/velo-nicotine-pouches/velo-plus-spearmint-9mg,VELO Plus Spearmint 9mg,https://prilla.com/media/catalog/product/cache/1f74410ad1047917b68b5f820981491a/v/e/velo_plus_spearmint_9mg_t_360.png,VELO Plus Spearmint 9mg
https://prilla.com/us/velo-nicotine-pouches/velo-plus-smooth-3mg,VELO Plus Smooth 3mg,https://prilla.com/media/catalog/product/cache/1f74410ad1047917b68b5f820981491a/v/e/velo_plus_smooth_3mg_t_360.png,VELO Plus Smooth 3mg
https://prilla.com/us/velo-nicotine-pouches/velo-plus-smooth-6mg,VELO Plus Smooth 6mg,https://prilla.com/media/catalog/product/cache/1f74410ad1047917b68b5f820981491a/v/e/velo_plus_smooth_6mg_t_360.png,VELO Plus Smooth 6mg
https://prilla.com/us/velo-nicotine-pouches/velo-plus-peppermint-9mg,VELO Plus Peppermint 9mg,https://prilla.com/media/catalog/product/cache/1f74410ad1047917b68b5f820981491a/v/e/velo_plus_peppermint_9mg_t_360.png,VELO Plus Peppermint 9mg
https://prilla.com/us/velo-nicotine-pouches/velo-plus-peppermint-6mg,VELO Plus Peppermint 6mg,https://prilla.com/media/catalog/product/cache/1f74410ad1047917b68b5f820981491a/v/e/velo_plus_peppermint_6mg_t_360.png,VELO Plus Peppermint 6mg
https://prilla.com/us/velo-nicotine-pouches/velo-plus-mint-9mg,VELO Plus Mint 9mg,https://prilla.com/media/catalog/product/cache/1f74410ad1047917b68b5f820981491a/v/e/velo_plus_mint_9mg_t_360.png,VELO Plus Mint 9mg
https://prilla.com/us/velo-nicotine-pouches/velo-plus-mint-6mg,VELO Plus Mint 6mg,https://prilla.com/media/catalog/product/cache/1f74410ad1047917b68b5f820981491a/v/e/velo_plus_mint_6mg_t_360.png,VELO Plus Mint 6mg
https://prilla.com/us/velo-nicotine-pouches/velo-plus-mclaren-wintergreen-6mg,VELO x McLaren Formula 1 Team Limited Edition Tin - VELO Plus Wintergreen 6MG,https://prilla.com/media/catalog/product/cache/1f74410ad1047917b68b5f820981491a/v/e/velo_plus_mclaren_wintergreen_6mg.png,VELO x McLaren Formula 1 Team Limited Edition Tin - VELO Plus Wintergreen 6MG
https://prilla.com/us/velo-nicotine-pouches/velo-plus-mclaren-mint-6mg,VELO x McLaren Formula 1 Team Limited Edition Tin - VELO Plus Mint 6MG,https://prilla.com/media/catalog/product/cache/1f74410ad1047917b68b5f820981491a/v/e/velo_plus_mclaren_mint_6mg_1_.png,VELO x McLaren Formula 1 Team Limited Edition Tin - VELO Plus Mint 6MG
https://prilla.com/us/velo-nicotine-pouches/velo-plus-mclaren-citrus-chill-6mg,VELO x McLaren Formula 1 Team Limited Edition Tin - VELO Plus Citrus Chill 6MG,https://prilla.com/media/catalog/product/cache/1f74410ad1047917b68b5f820981491a/v/e/velo_plus_mclaren_citrus_chill_6mg.png,VELO x McLaren Formula 1 Team Limited Edition Tin - VELO Plus Citrus Chill 6MG
https://prilla.com/us/velo-nicotine-pouches/velo-plus-dragon-fruit-6mg,VELO Plus Dragon Fruit 6mg,https://prilla.com/media/catalog/product/cache/1f74410ad1047917b68b5f820981491a/v/e/velo_plus_dragon_fruit_6mg_can_t_360.png,VELO Plus Dragon Fruit 6mg
https://prilla.com/us/velo-nicotine-pouches/velo-plus-citrus-chill-9mg,VELO Plus Citrus Chill 9mg,https://prilla.com/media/catalog/product/cache/1f74410ad1047917b68b5f820981491a/v/e/velo_plus_citrus_chill_9mg_t_360.png,VELO Plus Citrus Chill 9mg
https://prilla.com/us/velo-nicotine-pouches/velo-plus-citrus-chill-6mg,VELO Plus Citrus Chill 6mg,https://prilla.com/media/catalog/product/cache/1f74410ad1047917b68b5f820981491a/v/e/velo_plus_citrus_chill_6mg_t_360.png,VELO Plus Citrus Chill 6mg
https://prilla.com/us/velo-nicotine-pouches/velo-peppermint-4mg,VELO Peppermint 4mg,https://prilla.com/media/catalog/product/cache/1f74410ad1047917b68b5f820981491a/v/e/velo_peppermint_4mg.png,VELO Peppermint 4mg
https://prilla.com/us/velo-nicotine-pouches/velo-dragon-fruit-4,VELO Dragon Fruit 4mg,https://prilla.com/media/catalog/product/cache/1f74410ad1047917b68b5f820981491a/v/e/velo_dragon_fruit_4mg.png,VELO Dragon Fruit 4mg
https://prilla.com/us/velo-nicotine-pouches/velo-mint-4,VELO Mint 4mg,https://prilla.com/media/catalog/product/cache/1f74410ad1047917b68b5f820981491a/v/e/velo_mint_04mg_1.png,VELO Mint 4mg
https://prilla.com/us/velo-nicotine-pouches/velo-coffee-4mg,VELO Coffee 4mg,https://prilla.com/media/catalog/product/cache/1f74410ad1047917b68b5f820981491a/v/e/velo_coffee_4mg.png,VELO Coffee 4mg
https://prilla.com/us/velo-nicotine-pouches/velo-citrus-burst-4,VELO Citrus Burst 4mg,https://prilla.com/media/catalog/product/cache/1f74410ad1047917b68b5f820981491a/v/e/velo_citrus_burst_4mg.png,VELO Citrus Burst 4mg
https://prilla.com/us/velo-nicotine-pouches/velo-citrus-4,VELO Citrus 4mg,https://prilla.com/media/catalog/product/cache/1f74410ad1047917b68b5f820981491a/v/e/velo_citrus_04mg_1.png,VELO Citrus 4mg
https://prilla.com/us/velo-nicotine-pouches/velo-cinnamon-4,VELO Cinnamon 4mg,https://prilla.com/media/catalog/product/cache/1f74410ad1047917b68b5f820981491a/v/e/velo_cinnamon_4mg.png,VELO Cinnamon 4mg
https://prilla.com/us/velo-nicotine-pouches/velo-black-cherry-4,VELO Black Cherry 4mg,https://prilla.com/media/catalog/product/cache/1f74410ad1047917b68b5f820981491a/v/e/velo_black_cherry_4mg.png,VELO Black Cherry 4mg
https://prilla.com/us/velo-max-nicotine-pouches/velo-max-wintergreen-7,VELO Max Wintergreen 7mg,https://prilla.com/media/catalog/product/cache/1f74410ad1047917b68b5f820981491a/v/e/velo_wintergreen_7mg.png,VELO Max Wintergreen 7mg
https://prilla.com/us/velo-nicotine-pouches,VELO Nicotine Pouches,,
https://prilla.com/us/velo-max-nicotine-pouches/velo-max-spearmint-7,VELO Max Spearmint 7mg,https://prilla.com/media/catalog/product/cache/1f74410ad1047917b68b5f820981491a/v/e/velo_spearmint_7mg.png,VELO Max Spearmint 7mg
https://prilla.com/us/velo-max-nicotine-pouches/velo-max-peppermint-7,VELO Max Peppermint 7mg,https://prilla.com/media/catalog/product/cache/1f74410ad1047917b68b5f820981491a/v/e/velo_peppermint_7mg.png,VELO Max Peppermint 7mg
https://prilla.com/us/velo-max-nicotine-pouches/velo-max-dragon-fruit-7,VELO Max Dragon Fruit 7mg,https://prilla.com/media/catalog/product/cache/1f74410ad1047917b68b5f820981491a/v/e/velo_dragon_fruit_7mg.png,VELO Max Dragon Fruit 7mg
https://prilla.com/us/velo-max-nicotine-pouches/velo-max-coffee-7,VELO Max Coffee 7mg,https://prilla.com/media/catalog/product/cache/1f74410ad1047917b68b5f820981491a/v/e/velo_coffee_7mg.png,VELO Max Coffee 7mg
https://prilla.com/us/velo-max-nicotine-pouches/velo-max-citrus-burst-7,VELO Max Citrus Burst 7mg,https://prilla.com/media/catalog/product/cache/1f74410ad1047917b68b5f820981491a/v/e/velo_citrus_burst_7mg.png,VELO Max Citrus Burst 7mg
https://prilla.com/us/velo-max-nicotine-pouches/velo-max-cinnamon-7,VELO Max Cinnamon 7mg,https://prilla.com/media/catalog/product/cache/1f74410ad1047917b68b5f820981491a/v/e/velo_cinnamon_7mg.png,VELO Max Cinnamon 7mg
https://prilla.com/us/unflavored-nicotine-pouches,Unflavored Nicotine Pouches,,
https://prilla.com/us/velo-max-nicotine-pouches/velo-max-black-cherry-7,VELO Max Black Cherry 7mg,https://prilla.com/media/catalog/product/cache/1f74410ad1047917b68b5f820981491a/v/e/velo_black_cherry_7mg.png,VELO Max Black Cherry 7mg
https://prilla.com/us/syx-nicotine-pouches/syx-wintergreen-12mg,SYX Wintergreen 12mg,https://prilla.com/media/catalog/product/cache/1f74410ad1047917b68b5f820981491a/s/y/syx_wintergreen_12mg_t_360.png,SYX Wintergreen 12mg
https://prilla.com/us/syx-nicotine-pouches/syx-wild-cherry-6mg,SYX Wild Cherry 6mg,https://prilla.com/media/catalog/product/cache/1f74410ad1047917b68b5f820981491a/s/y/syx_wild_cherry_6mg_t_360.png,SYX Wild Cherry 6mg
https://prilla.com/us/syx-nicotine-pouches/syx-wintergreen-20mg,SYX Wintergreen 20mg,https://prilla.com/media/catalog/product/cache/1f74410ad1047917b68b5f820981491a/s/y/syx_wintergreen_20mg_t_360.png,SYX Wintergreen 20mg
https://prilla.com/us/syx-nicotine-pouches/syx-wild-cherry-12mg,SYX Wild Cherry 12mg,https://prilla.com/media/catalog/product/cache/1f74410ad1047917b68b5f820981491a/s/y/syx_wild_cherry_12mg_t_360.png,SYX Wild Cherry 12mg
https://prilla.com/us/syx-nicotine-pouches/syx-tropical-6mg,SYX Tropical 6mg,https://prilla.com/media/catalog/product/cache/1f74410ad1047917b68b5f820981491a/s/y/syx_tropical_6mg_t_360.png,SYX Tropical 6mg
https://prilla.com/us/syx-nicotine-pouches/syx-spearmint-20mg,SYX Spearmint 20mg,https://prilla.com/media/catalog/product/cache/1f74410ad1047917b68b5f820981491a/s/y/syx_spearmint_20mg_t_360.png,SYX Spearmint 20mg
https://prilla.com/us/syx-nicotine-pouches/syx-spearmint-12mg,SYX Spearmint 12mg,https://prilla.com/media/catalog/product/cache/1f74410ad1047917b68b5f820981491a/s/y/syx_spearmint_12mg_t_360.png,SYX Spearmint 12mg
https://prilla.com/us/syx-nicotine-pouches/syx-peppermint-20mg,SYX Peppermint 20mg,https://prilla.com/media/catalog/product/cache/1f74410ad1047917b68b5f820981491a/s/y/syx_peppermint_20mg_t_360.png,SYX Peppermint 20mg
https://prilla.com/us/syx-nicotine-pouches/syx-peppermint-12mg,SYX Peppermint 12mg,https://prilla.com/media/catalog/product/cache/1f74410ad1047917b68b5f820981491a/s/y/syx_pepermint_12mg_t_360.png,SYX Peppermint 12mg
https://prilla.com/us/syx-nicotine-pouches/syx-original-20mg,SYX Original 20mg,https://prilla.com/media/catalog/product/cache/1f74410ad1047917b68b5f820981491a/s/y/syx_original_20mg_t_360.png,SYX Original 20mg
https://prilla.com/us/syx-nicotine-pouches/syx-original-12mg,SYX Original 12mg,https://prilla.com/media/catalog/product/cache/1f74410ad1047917b68b5f820981491a/s/y/syx_original_12mg_t_360.png,SYX Original 12mg
https://prilla.com/us/syx-nicotine-pouches/syx-freeze-20mg,SYX Freeze 20mg,https://prilla.com/media/catalog/product/cache/1f74410ad1047917b68b5f820981491a/s/y/syx_freeze_20mg_t_360.png,SYX Freeze 20mg
https://prilla.com/us/syx-nicotine-pouches/syx-blueberry-12mg,SYX Blueberry 12mg,https://prilla.com/media/catalog/product/cache/1f74410ad1047917b68b5f820981491a/s/y/syx_blueberry_12mg_t_360.png,SYX Blueberry 12mg
https://prilla.com/us/strong-nicotine-pouches,Strong Nicotine Pouches,,
https://prilla.com/us/spearmint-nicotine-pouches,Spearmint Nicotine Pouches,,
https://prilla.com/us/special-offers,Special offers,,
https://prilla.com/us/siberia-nicotine-pouches/siberia-all-white-slim,Siberia All White Slim 20mg,https://prilla.com/media/catalog/product/cache/1f74410ad1047917b68b5f820981491a/s/i/siberian_slim_t_360.png,Siberia All White Slim 20mg
https://prilla.com/us/siberia-nicotine-pouches/siberia-all-white-mini,Siberia All White Mini 15mg,https://prilla.com/media/catalog/product/cache/1f74410ad1047917b68b5f820981491a/s/i/siberia_mini_t_360.png,Siberia All White Mini 15mg
https://prilla.com/us/sesh-nicotine-pouches/sesh-wintergreen-8mg,Sesh+ Wintergreen 8mg,https://prilla.com/media/catalog/product/cache/1f74410ad1047917b68b5f820981491a/s/e/sesh_wintergreen_8mg_t_360.png,Sesh+ Wintergreen 8mg
https://prilla.com/us/siberia-nicotine-pouches,Siberia Nicotine Pouches,,
https://prilla.com/us/sesh-nicotine-pouches/sesh-wintergreen-6mg,Sesh+ Wintergreen 6mg,https://prilla.com/media/catalog/product/cache/1f74410ad1047917b68b5f820981491a/s/e/sesh_wintergreen_6mg_t_360.png,Sesh+ Wintergreen 6mg
https://prilla.com/us/sesh-nicotine-pouches/sesh-wintergreen-4mg,Sesh+ Wintergreen 4mg,https://prilla.com/media/catalog/product/cache/1f74410ad1047917b68b5f820981491a/s/e/sesh_wintergreen_4mg_t_360.png,Sesh+ Wintergreen 4mg
https://prilla.com/us/sesh-nicotine-pouches/sesh-mint-8mg,Sesh+ Mint 8mg,https://prilla.com/media/catalog/product/cache/1f74410ad1047917b68b5f820981491a/s/e/sesh_mint_8mg_t_360.png,Sesh+ Mint 8mg
https://prilla.com/us/sesh-nicotine-pouches/sesh-mint-6mg,Sesh+ Mint 6mg,https://prilla.com/media/catalog/product/cache/1f74410ad1047917b68b5f820981491a/s/e/sesh_mint_6mg_t_360.png,Sesh+ Mint 6mg
https://prilla.com/us/sesh-nicotine-pouches/sesh-mint-4mg,Sesh+ Mint 4mg,https://prilla.com/media/catalog/product/cache/1f74410ad1047917b68b5f820981491a/s/e/sesh_mint_4mg_t_360.png,Sesh+ Mint 4mg
https://prilla.com/us/sesh-nicotine-pouches/sesh-mango-8mg,Sesh+ Mango 8mg,https://prilla.com/media/catalog/product/cache/1f74410ad1047917b68b5f820981491a/s/e/sesh_mango_8mg_t_360.png,Sesh+ Mango 8mg
https://prilla.com/us/sesh-nicotine-pouches/sesh-mango-6mg,Sesh+ Mango 6mg,https://prilla.com/media/catalog/product/cache/1f74410ad1047917b68b5f820981491a/s/e/sesh_mango_6mg_t_360.png,Sesh+ Mango 6mg
https://prilla.com/us/sesh-nicotine-pouches/sesh-mango-4mg,Sesh+ Mango 4mg,https://prilla.com/media/catalog/product/cache/1f74410ad1047917b68b5f820981491a/s/e/sesh_mango_4mg_t_360.png,Sesh+ Mango 4mg
https://prilla.com/us/sesh-nicotine-pouches/sesh-clear-8mg,Sesh+ Clear 8mg,https://prilla.com/media/catalog/product/cache/1f74410ad1047917b68b5f820981491a/s/e/sesh_clear_8mg_t_360.png,Sesh+ Clear 8mg
https://prilla.com/us/sesh-nicotine-pouches/sesh-clear-6mg,Sesh+ Clear 6mg,https://prilla.com/media/catalog/product/cache/1f74410ad1047917b68b5f820981491a/s/e/sesh_clear_6mg_t_360.png,Sesh+ Clear 6mg
https://prilla.com/us/sesh-nicotine-pouches/sesh-clear-4mg,Sesh+ Clear 4mg,https://prilla.com/media/catalog/product/cache/1f74410ad1047917b68b5f820981491a/s/e/sesh_clear_4mg_t_360.png,Sesh+ Clear 4mg
https://prilla.com/us/sesh-nicotine-pouches/sesh-cappuccino-8mg,Sesh+ Cappuccino 8mg,https://prilla.com/media/catalog/product/cache/1f74410ad1047917b68b5f820981491a/s/e/sesh_cappuccino_8mg_360_1_.png,Sesh+ Cappuccino 8mg
https://prilla.com/us/sesh-nicotine-pouches/sesh-cappuccino-4mg,Sesh+ Cappuccino 4mg,https://prilla.com/media/catalog/product/cache/1f74410ad1047917b68b5f820981491a/s/e/sesh_cappuccino_4mg_360_1_.png,Sesh+ Cappuccino 4mg
https://prilla.com/us/sesh-nicotine-pouches/sesh-cappuccino-6mg,Sesh+ Cappuccino 6mg,https://prilla.com/media/catalog/product/cache/1f74410ad1047917b68b5f820981491a/s/e/sesh_cappuccino_6mg_360_1_.png,Sesh+ Cappuccino 6mg
https://prilla.com/us/rogue-nicotine-pouches/rogue-wintergreen-6mg,Rogue Wintergreen 6mg,https://prilla.com/media/catalog/product/cache/1f74410ad1047917b68b5f820981491a/r/o/rogue_wintergreen_6mg_t_360.png,Rogue Wintergreen 6mg
https://prilla.com/us/rogue-nicotine-pouches/rogue-wintergreen-3mg,Rogue Wintergreen 3mg,https://prilla.com/media/catalog/product/cache/1f74410ad1047917b68b5f820981491a/r/o/rogue_wintergreen_3mg_t_360.png,Rogue Wintergreen 3mg
https://prilla.com/us/sales-terms-and-conditions,Sales Terms and Conditions,,
https://prilla.com/us/rogue-nicotine-pouches/rogue-tabac-6mg,Rogue Tabac 6mg,https://prilla.com/media/catalog/product/cache/1f74410ad1047917b68b5f820981491a/r/o/rogue_tabac_pouches_6mg.png,Rogue Tabac 6mg
https://prilla.com/us/rogue-nicotine-pouches/rogue-tabac-3mg,Rogue Tabac 3mg,https://prilla.com/media/catalog/product/cache/1f74410ad1047917b68b5f820981491a/r/o/rogue_tabac_pouches_3mg.png,Rogue Tabac 3mg
https://prilla.com/us/rogue-nicotine-pouches/rogue-spearmint-6mg,Rogue Spearmint 6mg,https://prilla.com/media/catalog/product/cache/1f74410ad1047917b68b5f820981491a/r/o/rogue_spearmint_6mg_t_360.png,Rogue Spearmint 6mg
https://prilla.com/us/rogue-nicotine-pouches/rogue-spearmint-3mg,Rogue Spearmint 3mg,https://prilla.com/media/catalog/product/cache/1f74410ad1047917b68b5f820981491a/r/o/rogue_spearmint_3mg_t_360.png,Rogue Spearmint 3mg
https://prilla.com/us/rogue-nicotine-pouches/rogue-peppermint-6mg,Rogue Peppermint 6mg,https://prilla.com/media/catalog/product/cache/1f74410ad1047917b68b5f820981491a/r/o/rogue_peppermint_6mg_t_360.png,Rogue Peppermint 6mg
https://prilla.com/us/rogue-nicotine-pouches/rogue-peppermint-3mg,Rogue Peppermint 3mg,https://prilla.com/media/catalog/product/cache/1f74410ad1047917b68b5f820981491a/r/o/rogue_peppermint_3mg_t_360.png,Rogue Peppermint 3mg
https://prilla.com/us/rogue-nicotine-pouches/rogue-original-6mg,Rogue Original 6mg,https://prilla.com/media/catalog/product/cache/1f74410ad1047917b68b5f820981491a/r/o/rogue_original_6mg_t_360.png,Rogue Original 6mg
https://prilla.com/us/rogue-nicotine-pouches/rogue-original-3mg,Rogue Original 3mg,https://prilla.com/media/catalog/product/cache/1f74410ad1047917b68b5f820981491a/r/o/rogue_original_3mg_t_360.png,Rogue Original 3mg
https://prilla.com/us/rogue-nicotine-pouches/rogue-mango-6mg,Rogue Mango 6mg,https://prilla.com/media/catalog/product/cache/1f74410ad1047917b68b5f820981491a/r/o/rogue_mango_6mg_t_360.png,Rogue Mango 6mg
https://prilla.com/us/rogue-nicotine-pouches/rogue-mango-3mg,Rogue Mango 3mg,https://prilla.com/media/catalog/product/cache/1f74410ad1047917b68b5f820981491a/r/o/rogue_mango_3mg_t_360.png,Rogue Mango 3mg
https://prilla.com/us/rogue-nicotine-pouches/rogue-honey-lemon-6mg,Rogue Honey Lemon 6mg,https://prilla.com/media/catalog/product/cache/1f74410ad1047917b68b5f820981491a/r/o/rogue_honey_lemon_6mg_t_360.png,Rogue Honey Lemon 6mg
https://prilla.com/us/rogue-nicotine-pouches/rogue-cinnamon-3mg,Rogue Cinnamon 3mg,https://prilla.com/media/catalog/product/cache/1f74410ad1047917b68b5f820981491a/r/o/rogue_cinnamon_3mg_t_360.png,Rogue Cinnamon 3mg
https://prilla.com/us/rogue-nicotine-pouches/rogue-honey-lemon-3mg,Rogue Honey Lemon 3mg,https://prilla.com/media/catalog/product/cache/1f74410ad1047917b68b5f820981491a/r/o/rogue_honey_lemon_3mg_t_360.png,Rogue Honey Lemon 3mg
https://prilla.com/us/rogue-nicotine-pouches/rogue-citrus-3mg,Rogue Citrus 3mg,https://prilla.com/media/catalog/product/cache/1f74410ad1047917b68b5f820981491a/r/o/rogue_citrus_3mg_t_360_1.png,Rogue Citrus 3mg
https://prilla.com/us/rogue-nicotine-pouches/rogue-citrus-6mg,Rogue Citrus 6mg,https://prilla.com/media/catalog/product/cache/1f74410ad1047917b68b5f820981491a/r/o/rogue_citrus_6mg_t_360_1.png,Rogue Citrus 6mg
https://prilla.com/us/rogue-nicotine-pouches/rogue-cinnamon-6-mg,Rogue Cinnamon 6mg,https://prilla.com/media/catalog/product/cache/1f74410ad1047917b68b5f820981491a/r/o/rogue_cinnamon_6mg_t_360.png,Rogue Cinnamon 6mg
https://prilla.com/us/out-of-sale,Out of Sale,,
https://prilla.com/us/rogue-nicotine-pouches/rogue-berry-6mg,Rogue Berry 6mg,https://prilla.com/media/catalog/product/cache/1f74410ad1047917b68b5f820981491a/r/o/rogue_berry_6mg_t_360.png,Rogue Berry 6mg
https://prilla.com/us/rogue-nicotine-pouches/rogue-berry-3mg,Rogue Berry 3mg,https://prilla.com/media/catalog/product/cache/1f74410ad1047917b68b5f820981491a/r/o/rogue_berry_3mg_t_360.png,Rogue Berry 3mg
https://prilla.com/us/rogue-nicotine-pouches/rogue-apple-6mg,Rogue Apple 6mg,https://prilla.com/media/catalog/product/cache/1f74410ad1047917b68b5f820981491a/r/o/rogue_apple_6mg_t_360.png,Rogue Apple 6mg
https://prilla.com/us/rogue-nicotine-pouches/rogue-apple-3mg,Rogue Apple 3mg,https://prilla.com/media/catalog/product/cache/1f74410ad1047917b68b5f820981491a/r/o/rogue_apple_3mg_t_360.png,Rogue Apple 3mg
https://prilla.com/us/return-policy,Return policy,,
https://prilla.com/us/rogue-nicotine-pouches,Rogue Nicotine Pouches,,
https://prilla.com/us/products-containing-synthetic-nicotine,Synthetic nicotine,,
https://prilla.com/us/products-containing-plant-derived-nicotine,Plant derived nicotine,,
https://prilla.com/us/peppermint-nicotine-pouches,Peppermint Nicotine Pouches,,
https://prilla.com/us/payments,Payments,,
https://prilla.com/us/other-nicotine-products,Other Nicotine Products,,
https://prilla.com/us/on-nicotine-pouches/on-wintergreen-8,On! Wintergreen 8mg,https://prilla.com/media/catalog/product/cache/1f74410ad1047917b68b5f820981491a/o/n/on_8mg_wintergreen_t_360.png,On! Wintergreen 8mg
https://prilla.com/us/on-nicotine-pouches/on-wintergreen-4,On! Wintergreen 4mg,https://prilla.com/media/catalog/product/cache/1f74410ad1047917b68b5f820981491a/o/n/on_4mg_wintergreen_t_360.png,On! Wintergreen 4mg
https://prilla.com/us/on-nicotine-pouches/on-wintergreen-2,On! Wintergreen 2mg,https://prilla.com/media/catalog/product/cache/1f74410ad1047917b68b5f820981491a/o/n/on_2mg_wintergreen_t_360.png,On! Wintergreen 2mg
https://prilla.com/us/on-nicotine-pouches/on-original-8,On! Original 8mg,https://prilla.com/media/catalog/product/cache/1f74410ad1047917b68b5f820981491a/o/n/on_8mg_original_t_360.png,On! Original 8mg
https://prilla.com/us/on-nicotine-pouches/on-original-4,On! Original 4mg,https://prilla.com/media/catalog/product/cache/1f74410ad1047917b68b5f820981491a/o/n/on_4mg_original_t_360.png,On! Original 4mg
https://prilla.com/us/on-nicotine-pouches/on-original-2,On! Original 2mg,https://prilla.com/media/catalog/product/cache/1f74410ad1047917b68b5f820981491a/o/n/on_2mg_original_t_360.png,On! Original 2mg
https://prilla.com/us/on-nicotine-pouches/on-mint-8,On! Mint 8mg,https://prilla.com/media/catalog/product/cache/1f74410ad1047917b68b5f820981491a/o/n/on_8mg_mint_t_360.png,On! Mint 8mg
https://prilla.com/us/on-nicotine-pouches/on-mint-4,On! Mint 4mg,https://prilla.com/media/catalog/product/cache/1f74410ad1047917b68b5f820981491a/o/n/on_4mg_mint_t_360.png,On! Mint 4mg
https://prilla.com/us/on-nicotine-pouches/on-mint-2,On! Mint 2mg,https://prilla.com/media/catalog/product/cache/1f74410ad1047917b68b5f820981491a/o/n/on_2mg_mint_t_360.png,On! Mint 2mg
https://prilla.com/us/on-nicotine-pouches/on-coffee-8,On! Coffee 8mg,https://prilla.com/media/catalog/product/cache/1f74410ad1047917b68b5f820981491a/o/n/on_8mg_coffee_t_360.png,On! Coffee 8mg
https://prilla.com/us/on-nicotine-pouches/on-coffee-4,On! Coffee 4mg,https://prilla.com/media/catalog/product/cache/1f74410ad1047917b68b5f820981491a/o/n/on_4mg_coffee_t_360.png,On! Coffee 4mg
https://prilla.com/us/on-nicotine-pouches/on-coffee-2,On! Coffee 2mg,https://prilla.com/media/catalog/product/cache/1f74410ad1047917b68b5f820981491a/o/n/on_2mg_coffee_t_360.png,On! Coffee 2mg
https://prilla.com/us/on-nicotine-pouches/on-citrus-8,On! Citrus 8mg,https://prilla.com/media/catalog/product/cache/1f74410ad1047917b68b5f820981491a/o/n/on_8mg_citrus_t_360.png,On! Citrus 8mg
https://prilla.com/us/on-nicotine-pouches/on-citrus-4,On! Citrus 4mg,https://prilla.com/media/catalog/product/cache/1f74410ad1047917b68b5f820981491a/o/n/on_4mg_citrus_t_360.png,On! Citrus 4mg
https://prilla.com/us/on-nicotine-pouches/on-cinnamon-8,On! Cinnamon 8mg,https://prilla.com/media/catalog/product/cache/1f74410ad1047917b68b5f820981491a/o/n/on_8mg_cinnamon_t_360.png,On! Cinnamon 8mg
https://prilla.com/us/on-nicotine-pouches/on-citrus-2,On! Citrus 2mg,https://prilla.com/media/catalog/product/cache/1f74410ad1047917b68b5f820981491a/o/n/on_2mg_citrus_t_360.png,On! Citrus 2mg
https://prilla.com/us/on-nicotine-pouches/on-cinnamon-4,On! Cinnamon 4mg,https://prilla.com/media/catalog/product/cache/1f74410ad1047917b68b5f820981491a/o/n/on_4mg_cinnamon_t_360.png,On! Cinnamon 4mg
https://prilla.com/us/on-nicotine-pouches/on-cinnamon-2,On! Cinnamon 2mg,https://prilla.com/media/catalog/product/cache/1f74410ad1047917b68b5f820981491a/o/n/on_2mg_cinnamon_t_360.png,On! Cinnamon 2mg
https://prilla.com/us/nicotine-tablets,Nicotine Tablets,,
https://prilla.com/us/nicotine-gum,Nicotine Gum,,
https://prilla.com/us/nicotine-lozenges,Nicotine Lozenges,,
https://prilla.com/us/on-nicotine-pouches,On! Nicotine Pouches,,
https://prilla.com/us/nicotine-pouches,Nicotine Pouches,,
https://prilla.com/us/nic-s-nicotine-pouches/nic-s-wintergreen-6,NIC-S Wintergreen 6mg,https://prilla.com/media/catalog/product/cache/1f74410ad1047917b68b5f820981491a/n/i/nic_s_wintergreen_6mg_t_360.png,NIC-S Wintergreen 6mg
https://prilla.com/us/nic-s-nicotine-pouches/nic-s-wintergreen-3,NIC-S Wintergreen 3mg,https://prilla.com/media/catalog/product/cache/1f74410ad1047917b68b5f820981491a/n/i/nic_s_wintergreen_3mg_t_360.png,NIC-S Wintergreen 3mg
https://prilla.com/us/nic-s-nicotine-pouches/nic-s-orange-9,NIC-S Orange 9mg,https://prilla.com/media/catalog/product/cache/1f74410ad1047917b68b5f820981491a/n/i/nic_s_orange_9mg_t_360.png,NIC-S Orange 9mg
https://prilla.com/us/nic-s-nicotine-pouches/nic-s-orange-3,NIC-S Orange 3mg,https://prilla.com/media/catalog/product/cache/1f74410ad1047917b68b5f820981491a/n/i/nic_s_orange_3mg_t_360.png,NIC-S Orange 3mg
https://prilla.com/us/nic-s-nicotine-pouches/nic-s-orange-6,NIC-S Orange 6mg,https://prilla.com/media/catalog/product/cache/1f74410ad1047917b68b5f820981491a/n/i/nic_s_orange_6mg_t_360.png,NIC-S Orange 6mg
https://prilla.com/us/nic-s-nicotine-pouches/nic-s-mint-9,NIC-S Mint 9mg,https://prilla.com/media/catalog/product/cache/1f74410ad1047917b68b5f820981491a/n/i/nic_s_mint_9mg_t_360.png,NIC-S Mint 9mg
https://prilla.com/us/nic-s-nicotine-pouches/nic-s-mint-6,NIC-S Mint 6mg,https://prilla.com/media/catalog/product/cache/1f74410ad1047917b68b5f820981491a/n/i/nic_s_mint_6mg_t_360.png,NIC-S Mint 6mg
https://prilla.com/us/nic-s-nicotine-pouches/nic-s-mint-3,NIC-S Mint 3mg,https://prilla.com/media/catalog/product/cache/1f74410ad1047917b68b5f820981491a/n/i/nic_s_mint_3mg_t_360.png,NIC-S Mint 3mg
https://prilla.com/us/nic-s-nicotine-pouches/nic-s-flavor-free-9,NIC-S Flavor Free 9mg,https://prilla.com/media/catalog/product/cache/1f74410ad1047917b68b5f820981491a/n/i/nic_s_flavor_free_9mg_t_360.png,NIC-S Flavor Free 9mg
https://prilla.com/us/nic-s-nicotine-pouches/nic-s-flavor-free-6,NIC-S Flavor Free 6mg,https://prilla.com/media/catalog/product/cache/1f74410ad1047917b68b5f820981491a/n/i/nic_s_flavor_free_6mg_t_360.png,NIC-S Flavor Free 6mg
https://prilla.com/us/nic-s-nicotine-pouches/nic-s-flavor-free-3mg,NIC-S Flavor Free 3mg,https://prilla.com/media/catalog/product/cache/1f74410ad1047917b68b5f820981491a/n/i/nic_s_flavor_free_3mg_t_360.png,NIC-S Flavor Free 3mg
https://prilla.com/us/nic-s-nicotine-pouches/nic-s-cinnamon-9,NIC-S Cinnamon 9mg,https://prilla.com/media/catalog/product/cache/1f74410ad1047917b68b5f820981491a/n/i/nic_s_cinnamon_9mg_t_360.png,NIC-S Cinnamon 9mg
https://prilla.com/us/nic-s-nicotine-pouches/nic-s-cinnamon-6,NIC-S Cinnamon 6mg,https://prilla.com/media/catalog/product/cache/1f74410ad1047917b68b5f820981491a/n/i/nic_s_cinnamon_6mg_t_360.png,NIC-S Cinnamon 6mg
https://prilla.com/us/nic-s-nicotine-pouches/nic-s-cinnamon-3,NIC-S Cinnamon 3mg,https://prilla.com/media/catalog/product/cache/1f74410ad1047917b68b5f820981491a/n/i/nic_s_cinnamon_3mg_t_360.png,NIC-S Cinnamon 3mg
https://prilla.com/us/nic-s-nicotine-pouches/nic-s-berry-9,NIC-S Berry 9mg,https://prilla.com/media/catalog/product/cache/1f74410ad1047917b68b5f820981491a/n/i/nic_s_berry_9mg_t_360.png,NIC-S Berry 9mg
https://prilla.com/us/nic-s-nicotine-pouches/nic-s-berry-6,NIC-S Berry 6mg,https://prilla.com/media/catalog/product/cache/1f74410ad1047917b68b5f820981491a/n/i/nic_s_berry_6mg_t_360.png,NIC-S Berry 6mg
https://prilla.com/us/nic-s-nicotine-pouches/nic-s-berry-3,NIC-S Berry 3mg,https://prilla.com/media/catalog/product/cache/1f74410ad1047917b68b5f820981491a/n/i/nic_s_berry_3mg_t_360.png,NIC-S Berry 3mg
https://prilla.com/us/nic-s-nicotine-poches/nic-s-wintergreen-9,NIC-S Wintergreen 9mg,https://prilla.com/media/catalog/product/cache/1f74410ad1047917b68b5f820981491a/n/i/nic_s_wintergreen_9mg_t_360.png,NIC-S Wintergreen 9mg
https://prilla.com/us/new-arrivals,New Nicotine Pouches,,
https://prilla.com/us/mixpacks/zyn-mint-mix-3-pack,ZYN Mint Mix 3 Pack,https://prilla.com/media/catalog/product/cache/1f74410ad1047917b68b5f820981491a/m/i/mix-mint-3pack.jpg,ZYN Mint Mix 3 Pack
https://prilla.com/us/mixpacks/zyn-pouches-mixpacks,ZYN Mixpack,https://prilla.com/media/catalog/product/cache/1f74410ad1047917b68b5f820981491a/z/y/zyn-mixpack.jpg,ZYN Mixpack
https://prilla.com/us/mixpacks/wintergreen-mix-5-pack,Wintergreen Mix 5 Pack,https://prilla.com/media/catalog/product/cache/1f74410ad1047917b68b5f820981491a/m/i/mix-wintergreen-5pack.jpg,Wintergreen Mix 5 Pack
https://prilla.com/us/mixpacks/wintergreen-mix-3-pack,Wintergreen Mix 3 Pack,https://prilla.com/media/catalog/product/cache/1f74410ad1047917b68b5f820981491a/m/i/mix-wintergreen-3pack.jpg,Wintergreen Mix 3 Pack
https://prilla.com/us/mixpacks/velo-pouches-mixpacks,VELO Mixpack,https://prilla.com/media/catalog/product/cache/1f74410ad1047917b68b5f820981491a/m/i/mix-velo-5pack.jpg,VELO Mixpack
https://prilla.com/us/mixpacks/unflavored-pouches-mixpacks,Unflavored Mixpack,https://prilla.com/media/catalog/product/cache/1f74410ad1047917b68b5f820981491a/u/n/unflavored-mixpack.jpg,Unflavored Mixpack
https://prilla.com/us/mixpacks/strong-pouches-mixpacks,Strong Mixpack,https://prilla.com/media/catalog/product/cache/1f74410ad1047917b68b5f820981491a/m/i/mix-strong.jpg,Strong Mixpack
https://prilla.com/us/mixpacks/rogue-pouches-mixpacks,Rogue Mixpack,https://prilla.com/media/catalog/product/cache/1f74410ad1047917b68b5f820981491a/m/i/mixpacks-rogue.jpg,Rogue Mixpack
https://prilla.com/us/mixpacks/on-pouches-mixpacks,On! Mixpack,https://prilla.com/media/catalog/product/cache/1f74410ad1047917b68b5f820981491a/o/n/on_mixpack.png,On! Mixpack
https://prilla.com/us/mixpacks/mint-pouches-mixpacks,Mint Mixpack,https://prilla.com/media/catalog/product/cache/1f74410ad1047917b68b5f820981491a/m/i/mint-mixpack.jpg,Mint Mixpack
https://prilla.com/us/mint-nicotine-pouches,Mint Nicotine Pouches,,
https://prilla.com/us/mixpacks/mint-mix-5-pack,Mint Mix 5 Pack,https://prilla.com/media/catalog/product/cache/1f74410ad1047917b68b5f820981491a/m/i/mix-mint-5pack.jpg,Mint Mix 5 Pack
https://prilla.com/us/mixpacks,Mixpacks & Trialpacks,,
https://prilla.com/us/lucy-nicotine-pouches/lucy-wintergreen-8mg,LUCY Wintergreen 8 mg,https://prilla.com/media/catalog/product/cache/1f74410ad1047917b68b5f820981491a/l/u/lucy_wintergreen_8mg_1.png,LUCY Wintergreen 8 mg
https://prilla.com/us/lucy-nicotine-pouches/lucy-wintergreen-4mg,LUCY Wintergreen 4mg,https://prilla.com/media/catalog/product/cache/1f74410ad1047917b68b5f820981491a/l/u/lucy_wintergreen_4mg_1.png,LUCY Wintergreen 4mg
https://prilla.com/us/lucy-nicotine-pouches/lucy-wintergreen-12mg,LUCY Wintergreen 12 mg,https://prilla.com/media/catalog/product/cache/1f74410ad1047917b68b5f820981491a/l/u/lucy_wintergreen_12mg_1.png,LUCY Wintergreen 12 mg
https://prilla.com/us/lucy-nicotine-pouches/lucy-mint-8mg,LUCY Mint 8mg,https://prilla.com/media/catalog/product/cache/1f74410ad1047917b68b5f820981491a/l/u/lucy_mint_8mg.png,LUCY Mint 8mg
https://prilla.com/us/lucy-nicotine-pouches/lucy-mint-4mg,LUCY Mint 4mg,https://prilla.com/media/catalog/product/cache/1f74410ad1047917b68b5f820981491a/l/u/lucy_mint_4mg.png,LUCY Mint 4mg
https://prilla.com/us/lucy-nicotine-pouches/lucy-mint-12mg,LUCY Mint 12mg,https://prilla.com/media/catalog/product/cache/1f74410ad1047917b68b5f820981491a/l/u/lucy_mint_12mg.png,LUCY Mint 12mg
https://prilla.com/us/lucy-nicotine-pouches/lucy-mango-8mg,LUCY Mango 8 mg,https://prilla.com/media/catalog/product/cache/1f74410ad1047917b68b5f820981491a/l/u/lucy_mango_8mg_1.png,LUCY Mango 8 mg
https://prilla.com/us/lucy-nicotine-pouches/lucy-mango-12mg,LUCY Mango 12 mg,https://prilla.com/media/catalog/product/cache/1f74410ad1047917b68b5f820981491a/l/u/lucy_mango_12mg_1.png,LUCY Mango 12 mg
https://prilla.com/us/lucy-nicotine-pouches/lucy-espresso-8mg,LUCY Espresso 8mg,https://prilla.com/media/catalog/product/cache/1f74410ad1047917b68b5f820981491a/l/u/lucy_espresso_8mg.png,LUCY Espresso 8mg
https://prilla.com/us/lucy-nicotine-pouches/lucy-espresso-4mg,LUCY Espresso 4mg,https://prilla.com/media/catalog/product/cache/1f74410ad1047917b68b5f820981491a/l/u/lucy_espresso_4mg.png,LUCY Espresso 4mg
https://prilla.com/us/lucy-nicotine-pouches/lucy-espresso-12mg,LUCY Espresso 12mg,https://prilla.com/media/catalog/product/cache/1f74410ad1047917b68b5f820981491a/l/u/lucy_espresso_12mg.png,LUCY Espresso 12mg
https://prilla.com/us/lucy-nicotine-pouches/lucy-cinnamon-8mg,LUCY Cinnamon 8 mg,https://prilla.com/media/catalog/product/cache/1f74410ad1047917b68b5f820981491a/l/u/lucy_cinnamon_8mg_1.png,LUCY Cinnamon 8 mg
https://prilla.com/us/lucy-nicotine-pouches/lucy-cinnamon-4mg,LUCY Cinnamon 4 mg,https://prilla.com/media/catalog/product/cache/1f74410ad1047917b68b5f820981491a/l/u/lucy_cinnamon_4mg_2.png,LUCY Cinnamon 4 mg
https://prilla.com/us/lucy-nicotine-pouches/lucy-cinnamon-12mg,LUCY Cinnamon 12 mg,https://prilla.com/media/catalog/product/cache/1f74410ad1047917b68b5f820981491a/l/u/lucy_cinnamon_12mg_1.png,LUCY Cinnamon 12 mg
https://prilla.com/us/lucy-nicotine-pouches/lucy-breakers-mint-8mg,LUCY Breakers Mint 8mg,https://prilla.com/media/catalog/product/cache/1f74410ad1047917b68b5f820981491a/l/u/lucy_breakers_mint_8.png,LUCY Breakers Mint 8mg
https://prilla.com/us/lucy-nicotine-pouches/lucy-breakers-mint-4mg,LUCY Breakers Mint 4mg,https://prilla.com/media/catalog/product/cache/1f74410ad1047917b68b5f820981491a/l/u/lucy_breakers_mint_4.png,LUCY Breakers Mint 4mg
https://prilla.com/us/lucy-nicotine-pouches/lucy-breakers-mango-8mg,LUCY Breakers Mango 8mg,https://prilla.com/media/catalog/product/cache/1f74410ad1047917b68b5f820981491a/l/u/lucy_breakers_mango_8.png,LUCY Breakers Mango 8mg
https://prilla.com/us/lucy-nicotine-pouches/lucy-breakers-mango-4mg,LUCY Breakers Mango 4mg,https://prilla.com/media/catalog/product/cache/1f74410ad1047917b68b5f820981491a/l/u/lucy_breakers_mango_4.png,LUCY Breakers Mango 4mg
https://prilla.com/us/lucy-nicotine-pouches/lucy-breakers-apple-ice-8mg,LUCY Breakers Apple Ice 8mg,https://prilla.com/media/catalog/product/cache/1f74410ad1047917b68b5f820981491a/l/u/lucy_breakers_apple_ice_8.png,LUCY Breakers Apple Ice 8mg
https://prilla.com/us/lucy-nicotine-pouches/lucy-breakers-apple-ice-4mg,LUCY Breakers Apple Ice 4mg,https://prilla.com/media/catalog/product/cache/1f74410ad1047917b68b5f820981491a/l/u/lucy_breakers_apple_ice_4.png,LUCY Breakers Apple Ice 4mg
https://prilla.com/us/lucy-nicotine-pouches/lucy-apple-ice-8mg,LUCY Apple Ice 8mg,https://prilla.com/media/catalog/product/cache/1f74410ad1047917b68b5f820981491a/l/u/lucy_apple_ice_8mg.png,LUCY Apple Ice 8mg
https://prilla.com/us/lucy-nicotine-pouches/lucy-apple-ice-4mg,LUCY Apple Ice 4mg,https://prilla.com/media/catalog/product/cache/1f74410ad1047917b68b5f820981491a/l/u/lucy_apple_ice_4mg.png,LUCY Apple Ice 4mg
https://prilla.com/us/lucy-nicotine-pouches/lucy-apple-ice-12mg,LUCY Apple Ice 12mg,https://prilla.com/media/catalog/product/cache/1f74410ad1047917b68b5f820981491a/l/u/lucy_apple_ice_12mg.png,LUCY Apple Ice 12mg
https://prilla.com/us/lucy-nicotine-pouches-lucy-mango-4mg,LUCY Mango 4mg,https://prilla.com/media/catalog/product/cache/1f74410ad1047917b68b5f820981491a/l/u/lucy_mango_4mg_1.png,LUCY Mango 4mg
https://prilla.com/us/lucy-nicotine-pouches,LUCY Nicotine Pouches,,
https://prilla.com/us/lucy-breakers/lucy-breakers-espresso-8mg,LUCY Breakers Espresso 8mg,https://prilla.com/media/catalog/product/cache/1f74410ad1047917b68b5f820981491a/e/s/espresso_8mg.jpg,LUCY Breakers Espresso 8mg
https://prilla.com/us/lucy-breakers/lucy-breakers-espresso-4mg,LUCY Breakers Espresso 4mg,https://prilla.com/media/catalog/product/cache/1f74410ad1047917b68b5f820981491a/e/s/espresso_4mg.jpg,LUCY Breakers Espresso 4mg
https://prilla.com/us/lucy-breakers/lucy-breakers-berry-citrus-8mg,LUCY Breakers Berry Citrus 8mg,https://prilla.com/media/catalog/product/cache/1f74410ad1047917b68b5f820981491a/b/e/berry_citrus_8mg.jpg,LUCY Breakers Berry Citrus 8mg
https://prilla.com/us/lucy-breakers/lucy-breakers-berry-citrus-4mg,LUCY Breakers Berry Citrus 4mg,https://prilla.com/media/catalog/product/cache/1f74410ad1047917b68b5f820981491a/b/e/berry_citrus_4mg.jpg,LUCY Breakers Berry Citrus 4mg
https://prilla.com/us/lucy-breakers/lucy-breakers-apple-cider-8mg,LUCY Breakers Apple Cider 8mg,https://prilla.com/media/catalog/product/cache/1f74410ad1047917b68b5f820981491a/a/p/apple_cider_8mg.jpg,LUCY Breakers Apple Cider 8mg
https://prilla.com/us/lucy-breakers/lucy-breakers-apple-cider-4mg,LUCY Breakers Apple Cider 4mg,https://prilla.com/media/catalog/product/cache/1f74410ad1047917b68b5f820981491a/a/p/apple_cider_4mg.jpg,LUCY Breakers Apple Cider 4mg
https://prilla.com/us/juice-head-nicotine-pouches/juice-head-watermelon-strawberry-mint-6mg,Juice Head Watermelon Strawberry Mint 6mg,https://prilla.com/media/catalog/product/cache/1f74410ad1047917b68b5f820981491a/j/u/juice_head_watermelon_strawberry_mint_6mg.png,Juice Head Watermelon Strawberry Mint 6mg
https://prilla.com/us/juice-head-nicotine-pouches/juice-head-watermelon-strawberry-mint-12mg,Juice Head Watermelon Strawberry Mint 12mg,https://prilla.com/media/catalog/product/cache/1f74410ad1047917b68b5f820981491a/j/u/juice_head_watermelon_strawberry_mint_12mg.png,Juice Head Watermelon Strawberry Mint 12mg
https://prilla.com/us/juice-head-nicotine-pouches/juice-head-raspberry-lemonade-mint-6mg,Juice Head Raspberry Lemon Mint 6mg,https://prilla.com/media/catalog/product/cache/1f74410ad1047917b68b5f820981491a/j/u/juice_head_raspberry_lemonade_mint_6mg.png,Juice Head Raspberry Lemon Mint 6mg
https://prilla.com/us/juice-head-nicotine-pouches/juice-head-raspberry-lemon-mint-12mg,Juice Head Raspberry Lemon Mint 12mg,https://prilla.com/media/catalog/product/cache/1f74410ad1047917b68b5f820981491a/j/u/juice_head_raspberry_lemonade_mint_12mg.png,Juice Head Raspberry Lemon Mint 12mg
https://prilla.com/us/juice-head-nicotine-pouches/juice-head-peach-pineapple-mint-6mg,Juice Head Peach Pineapple Mint 6mg,https://prilla.com/media/catalog/product/cache/1f74410ad1047917b68b5f820981491a/j/u/juice_head_peach_pineapple_mint_6mg.png,Juice Head Peach Pineapple Mint 6mg
https://prilla.com/us/juice-head-nicotine-pouches/juice-head-peach-pineapple-mint-12mg,Juice Head Peach Pineapple Mint 12mg,https://prilla.com/media/catalog/product/cache/1f74410ad1047917b68b5f820981491a/j/u/juice_head_peach_pineapple_mint_12mg.png,Juice Head Peach Pineapple Mint 12mg
https://prilla.com/us/juice-head-nicotine-pouches/juice-head-mango-strawberry-mint-6mg,Juice Head Mango Strawberry Mint 6mg,https://prilla.com/media/catalog/product/cache/1f74410ad1047917b68b5f820981491a/j/u/juice_head_mango_strawberry_mint_6mg.png,Juice Head Mango Strawberry Mint 6mg
https://prilla.com/us/juice-head-nicotine-pouches/juice-head-mango-strawberry-mint-12mg-1,Juice Head Mango Strawberry Mint 12mg,https://prilla.com/media/catalog/product/cache/1f74410ad1047917b68b5f820981491a/j/u/juice_head_mango_strawberry_mint_12mg_1.png,Juice Head Mango Strawberry Mint 12mg
https://prilla.com/us/juice-head-nicotine-pouches/juice-head-mango-strawberry-mint-12mg,Juice Head Mango Strawberry Mint 12mg,https://prilla.com/media/catalog/product/cache/1f74410ad1047917b68b5f820981491a/j/u/juice_head_mango_strawberry_mint_12mg.png,Juice Head Mango Strawberry Mint 12mg
https://prilla.com/us/juice-head-nicotine-pouches/juice-head-blueberry-lemon-mint-6mg-1,Juice Head Blueberry Lemon Mint 6mg,https://prilla.com/media/catalog/product/cache/1f74410ad1047917b68b5f820981491a/j/u/juice_head_blueberry_lemon_mint_6mg_1_1.png,Juice Head Blueberry Lemon Mint 6mg
https://prilla.com/us/juice-head-nicotine-pouches/juice-head-blueberry-lemon-mint-12mg,Juice Head Blueberry Lemon Mint 12mg,https://prilla.com/media/catalog/product/cache/1f74410ad1047917b68b5f820981491a/j/u/juice_head_blueberry_lemon_mint_12mg.png,Juice Head Blueberry Lemon Mint 12mg
https://prilla.com/us/juice-head-nicotine-pouches/juice-head-blueberry-lemon-mint-6mg,Juice Head Blueberry Lemon Mint 6mg,https://prilla.com/media/catalog/product/cache/1f74410ad1047917b68b5f820981491a/j/u/juice_head_blueberry_lemon_mint_6mg_1.png,Juice Head Blueberry Lemon Mint 6mg
https://prilla.com/us/hit-nicotine-pouches/hit-lemongrass,HIT Lemongrass 13mg,https://prilla.com/media/catalog/product/cache/1f74410ad1047917b68b5f820981491a/h/i/hit_lemongrass_t_360_1_.png,HIT Lemongrass 13mg
https://prilla.com/us/hit-nicotine-pouches/hit-dr-cherry,HIT Cherry 13mg,https://prilla.com/media/catalog/product/cache/1f74410ad1047917b68b5f820981491a/h/i/hit_cherry_t_360_1_.png,HIT Cherry 13mg
https://prilla.com/us/grizzly-nicotine-pouches/grizzly-wintergreen-9mg,Grizzly Wintergreen 9mg,https://prilla.com/media/catalog/product/cache/1f74410ad1047917b68b5f820981491a/g/r/grizzly_wintergreen_9mg_t_360.png,Grizzly Wintergreen 9mg
https://prilla.com/us/hit-nicotine-pouches/hit-blueberry,HIT Blueberry 13mg,https://prilla.com/media/catalog/product/cache/1f74410ad1047917b68b5f820981491a/h/i/hit_blueberry_t_360_1_.png,HIT Blueberry 13mg
https://prilla.com/us/grizzly-nicotine-pouches/grizzly-wintergreen-15mg,Grizzly Wintergreen 15mg,https://prilla.com/media/catalog/product/cache/1f74410ad1047917b68b5f820981491a/g/r/grizzly_wintergreen_15mg_t_360.png,Grizzly Wintergreen 15mg
https://prilla.com/us/hit-nicotine-pouches/hit-blackberry,HIT Blackberry 13mg,https://prilla.com/media/catalog/product/cache/1f74410ad1047917b68b5f820981491a/h/i/hit_blackberry_t_360_1_.png,HIT Blackberry 13mg
https://prilla.com/us/grizzly-nicotine-pouches/grizzly-wintergreen-12mg,Grizzly Wintergreen 12mg,https://prilla.com/media/catalog/product/cache/1f74410ad1047917b68b5f820981491a/g/r/grizzly_wintergreen_12mg_t_360.png,Grizzly Wintergreen 12mg
https://prilla.com/us/grizzly-nicotine-pouches/grizzly-original-9mg,Grizzly Original 9mg,https://prilla.com/media/catalog/product/cache/1f74410ad1047917b68b5f820981491a/g/r/grizzly_original_9mg_t_360.png,Grizzly Original 9mg
https://prilla.com/us/grizzly-nicotine-pouches/grizzly-southern-12mg,Grizzly Southern 12mg,https://prilla.com/media/catalog/product/cache/1f74410ad1047917b68b5f820981491a/g/r/grizzly_southern_12mg_t_360.png,Grizzly Southern 12mg
https://prilla.com/us/grizzly-nicotine-pouches/grizzly-original-15mg,Grizzly Original 15mg,https://prilla.com/media/catalog/product/cache/1f74410ad1047917b68b5f820981491a/g/r/grizzly_original_15mg_t_360.png,Grizzly Original 15mg
https://prilla.com/us/grizzly-nicotine-pouches/grizzly-original-6mg,Grizzly Original 6mg,https://prilla.com/media/catalog/product/cache/1f74410ad1047917b68b5f820981491a/g/r/grizzly_original_6mg_t_360.png,Grizzly Original 6mg
https://prilla.com/us/grizzly-nicotine-pouches/grizzly-original-12mg,Grizzly Original 12mg,https://prilla.com/media/catalog/product/cache/1f74410ad1047917b68b5f820981491a/g/r/grizzly_original_12mg_t_360.png,Grizzly Original 12mg
https://prilla.com/us/grizzly-nicotine-pouches/grizzly-mint-12mg,Grizzly Mint 12mg,https://prilla.com/media/catalog/product/cache/1f74410ad1047917b68b5f820981491a/g/r/grizzly_mint_12mg_t_360.png,Grizzly Mint 12mg
https://prilla.com/us/fre-nicotine-pouches/fre-wintergreen-mega-pack-6mg,FRE Wintergreen Mega Pack 6mg,https://prilla.com/media/catalog/product/cache/1f74410ad1047917b68b5f820981491a/f/r/fre_mega_pouch_wintergreen_6mg_black_t_360.png,FRE Wintergreen Mega Pack 6mg
https://prilla.com/us/fruit-nicotine-pouches,Fruit Pouches,,
https://prilla.com/us/fre-nicotine-pouches/fre-wintergreen-mega-pack-12mg,FRE Wintergreen Mega Pack 12mg,https://prilla.com/media/catalog/product/cache/1f74410ad1047917b68b5f820981491a/f/r/fre_mega_pouch_wintergreen_12mg_black_t_360.png,FRE Wintergreen Mega Pack 12mg
https://prilla.com/us/fre-nicotine-pouches/fre-wintergreen-9mg,FRE Wintergreen 9mg,https://prilla.com/media/catalog/product/cache/1f74410ad1047917b68b5f820981491a/f/r/fre_wintergreen_9_t_360.png,FRE Wintergreen 9mg
https://prilla.com/us/fre-nicotine-pouches/fre-wintergreen-6mg,FRE Wintergreen 6mg,https://prilla.com/media/catalog/product/cache/1f74410ad1047917b68b5f820981491a/f/r/fre_wintergreen_6mg_t_360.png,FRE Wintergreen 6mg
https://prilla.com/us/fre-nicotine-pouches/fre-wintergreen-3mg,FRE Wintergreen 3mg,https://prilla.com/media/catalog/product/cache/1f74410ad1047917b68b5f820981491a/f/r/fre_wintergreen_3mg_t_360.png,FRE Wintergreen 3mg
https://prilla.com/us/fre-nicotine-pouches/fre-wintergreen-15mg,FRE Wintergreen 15mg,https://prilla.com/media/catalog/product/cache/1f74410ad1047917b68b5f820981491a/f/r/fre_wintergreen_15_t_360.png,FRE Wintergreen 15mg
https://prilla.com/us/fre-nicotine-pouches/fre-wintergreen-12mg,FRE Wintergreen 12mg,https://prilla.com/media/catalog/product/cache/1f74410ad1047917b68b5f820981491a/f/r/fre_wintergreen_12_t_360_1.png,FRE Wintergreen 12mg
https://prilla.com/us/fre-nicotine-pouches/fre-sweet-9mg,FRE Sweet 9mg,https://prilla.com/media/catalog/product/cache/1f74410ad1047917b68b5f820981491a/f/r/fre_sweet_9_t_360.png,FRE Sweet 9mg
https://prilla.com/us/fre-nicotine-pouches/fre-sweet-15mg,FRE Sweet 15mg,https://prilla.com/media/catalog/product/cache/1f74410ad1047917b68b5f820981491a/f/r/fre_sweet_15_t_360.png,FRE Sweet 15mg
https://prilla.com/us/fre-nicotine-pouches/fre-sweet-12mg,FRE Sweet 12mg,https://prilla.com/media/catalog/product/cache/1f74410ad1047917b68b5f820981491a/f/r/fre_sweet_12_t_360.png,FRE Sweet 12mg
https://prilla.com/us/fre-nicotine-pouches/fre-pouch-mint-15mg,FRE Mint 15mg,https://prilla.com/media/catalog/product/cache/1f74410ad1047917b68b5f820981491a/f/r/fre_mint_15_t_360_1.png,FRE Mint 15mg
https://prilla.com/us/fre-nicotine-pouches/fre-original-9mg,FRE Original 9mg,https://prilla.com/media/catalog/product/cache/1f74410ad1047917b68b5f820981491a/f/r/fre_original_9mg_t_360.png,FRE Original 9mg
https://prilla.com/us/fre-nicotine-pouches/fre-original-6mg,FRE Original 6mg,https://prilla.com/media/catalog/product/cache/1f74410ad1047917b68b5f820981491a/f/r/free_original_6mg_t_360.png,FRE Original 6mg
https://prilla.com/us/fre-nicotine-pouches/fre-original-3mg,FRE Original 3mg,https://prilla.com/media/catalog/product/cache/1f74410ad1047917b68b5f820981491a/f/r/fre_original_3mg_t_360.png,FRE Original 3mg
https://prilla.com/us/fre-nicotine-pouches/fre-original-15mg,FRE Original 15mg,https://prilla.com/media/catalog/product/cache/1f74410ad1047917b68b5f820981491a/f/r/fre_original_15mg_t_360.png,FRE Original 15mg
https://prilla.com/us/fre-nicotine-pouches/fre-original-12mg,FRE Original 12mg,https://prilla.com/media/catalog/product/cache/1f74410ad1047917b68b5f820981491a/f/r/fre_original_12mg_t_360.png,FRE Original 12mg
https://prilla.com/us/fre-nicotine-pouches/fre-mint-mega-pack-6mg,FRE Mint Mega Pack 6mg,https://prilla.com/media/catalog/product/cache/1f74410ad1047917b68b5f820981491a/f/r/fre_mega_pouch_mint_6mg_black_t_360.png,FRE Mint Mega Pack 6mg
https://prilla.com/us/fre-nicotine-pouches/fre-mint-mega-pack-12mg,FRE Mint Mega Pack 12mg,https://prilla.com/media/catalog/product/cache/1f74410ad1047917b68b5f820981491a/f/r/fre_mega_pouch_mint_12mg_black_t_360.png,FRE Mint Mega Pack 12mg
https://prilla.com/us/fre-nicotine-pouches/fre-mint-9mg,FRE Mint 9mg,https://prilla.com/media/catalog/product/cache/1f74410ad1047917b68b5f820981491a/f/r/fre_mint_9_t_360.png,FRE Mint 9mg
https://prilla.com/us/fre-nicotine-pouches/fre-mint-6mg,FRE Mint 6mg,https://prilla.com/media/catalog/product/cache/1f74410ad1047917b68b5f820981491a/f/r/fre_mint_6mg_t_360.png,FRE Mint 6mg
https://prilla.com/us/fre-nicotine-pouches/fre-mint-3mg,FRE Mint 3mg,https://prilla.com/media/catalog/product/cache/1f74410ad1047917b68b5f820981491a/f/r/fre_mint_3mg_t_360.png,FRE Mint 3mg
https://prilla.com/us/fre-nicotine-pouches/fre-mint-12mg,FRE Mint 12mg,https://prilla.com/media/catalog/product/cache/1f74410ad1047917b68b5f820981491a/f/r/fre_mint_12_t_360.png,FRE Mint 12mg
https://prilla.com/us/fre-nicotine-pouches/fre-lush-9mg,FRE Lush 9mg,https://prilla.com/media/catalog/product/cache/1f74410ad1047917b68b5f820981491a/f/r/fre_lush_9_t_360.png,FRE Lush 9mg
https://prilla.com/us/fre-nicotine-pouches/fre-lush-12mg,FRE Lush 12mg,https://prilla.com/media/catalog/product/cache/1f74410ad1047917b68b5f820981491a/f/r/fre_lush_12_t_360.png,FRE Lush 12mg
https://prilla.com/us/fre-nicotine-pouches/fre-lush-15mg,FRE Lush 15mg,https://prilla.com/media/catalog/product/cache/1f74410ad1047917b68b5f820981491a/f/r/fre_lush_15_t_360.png,FRE Lush 15mg
https://prilla.com/us/fre-nicotine-pouches,FRE Nicotine pouches,,
https://prilla.com/us/cookie-policy,Cookie Policy,,
https://prilla.com/us/coffee-nicotine-pouches,Coffee Nicotine Pouches,,
https://prilla.com/us/citrus-nicotine-pouches,Citrus Nicotine Pouches,,
https://prilla.com/us/cinnamon-nicotine-pouches,Cinnamon Nicotine Pouches,,
https://prilla.com/us/bridge-nicotine-pouches/bridge-wintergreen-4mg,Bridge Wintergreen 4mg,https://prilla.com/media/catalog/product/cache/1f74410ad1047917b68b5f820981491a/b/r/bridge_wintergreen_4mg.png,Bridge Wintergreen 4mg
https://prilla.com/us/bridge-nicotine-pouches/bridge-wintergreen-15mg,Bridge Wintergreen 15mg,https://prilla.com/media/catalog/product/cache/1f74410ad1047917b68b5f820981491a/b/r/bridge_wintergreen_15mg.png,Bridge Wintergreen 15mg
https://prilla.com/us/bridge-nicotine-pouches/bridge-wintergreen-10mg,Bridge Wintergreen 10mg,https://prilla.com/media/catalog/product/cache/1f74410ad1047917b68b5f820981491a/b/r/bridge_wintergreen_10mg.png,Bridge Wintergreen 10mg
https://prilla.com/us/bridge-nicotine-pouches/bridge-spearmint-4mg,Bridge Spearmint 4mg,https://prilla.com/media/catalog/product/cache/1f74410ad1047917b68b5f820981491a/b/r/bridge_spearmint_4mg.png,Bridge Spearmint 4mg
https://prilla.com/us/bridge-nicotine-pouches/bridge-spearmint-15mg,Bridge Spearmint 15mg,https://prilla.com/media/catalog/product/cache/1f74410ad1047917b68b5f820981491a/b/r/bridge_spearmint_15mg.png,Bridge Spearmint 15mg
https://prilla.com/us/bridge-nicotine-pouches/bridge-spearmint-10mg,Bridge Spearmint 10mg,https://prilla.com/media/catalog/product/cache/1f74410ad1047917b68b5f820981491a/b/r/bridge_spearmint_10mg.png,Bridge Spearmint 10mg
https://prilla.com/us/bridge-nicotine-pouches/bridge-original-4mg,Bridge Original 4mg,https://prilla.com/media/catalog/product/cache/1f74410ad1047917b68b5f820981491a/b/r/bridge_original_4mg.png,Bridge Original 4mg
https://prilla.com/us/bridge-nicotine-pouches/bridge-original-15mg,Bridge Original 15mg,https://prilla.com/media/catalog/product/cache/1f74410ad1047917b68b5f820981491a/b/r/bridge_original_15mg.png,Bridge Original 15mg
https://prilla.com/us/bridge-nicotine-pouches/bridge-original-10mg,Bridge Original 10mg,https://prilla.com/media/catalog/product/cache/1f74410ad1047917b68b5f820981491a/b/r/bridge_original_10mg_1.png,Bridge Original 10mg
https://prilla.com/us/bridge-nicotine-pouches/bridge-cool-mint-4mg,Bridge Cool Mint 4mg,https://prilla.com/media/catalog/product/cache/1f74410ad1047917b68b5f820981491a/b/r/bridge_cool_mint_4mg.png,Bridge Cool Mint 4mg
https://prilla.com/us/bridge-nicotine-pouches/bridge-cool-mint-15mg,Bridge Cool Mint 15mg,https://prilla.com/media/catalog/product/cache/1f74410ad1047917b68b5f820981491a/b/r/bridge_cool_mint_15mg.png,Bridge Cool Mint 15mg
https://prilla.com/us/bridge-nicotine-pouches/bridge-cool-mint-10mg,Bridge Cool Mint 10mg,https://prilla.com/media/catalog/product/cache/1f74410ad1047917b68b5f820981491a/b/r/bridge_cool_mint_10mg.png,Bridge Cool Mint 10mg
https://prilla.com/us/bridge-nicotine-pouches/bridge-citrus-4mg,Bridge Citrus 4mg,https://prilla.com/media/catalog/product/cache/1f74410ad1047917b68b5f820981491a/b/r/bridge_citrus_4mg.png,Bridge Citrus 4mg
https://prilla.com/us/bridge-nicotine-pouches/bridge-citrus-15mg,Bridge Citrus 15mg,https://prilla.com/media/catalog/product/cache/1f74410ad1047917b68b5f820981491a/b/r/bridge_citrus_15mg.png,Bridge Citrus 15mg
https://prilla.com/us/bridge-nicotine-pouches/bridge-citrus-10mg,Bridge Citrus 10mg,https://prilla.com/media/catalog/product/cache/1f74410ad1047917b68b5f820981491a/b/r/bridge_citrus_10mg.png,Bridge Citrus 10mg
https://prilla.com/us/bridge-nicotine-pouches,Bridge Nicotine Pouches,,
https://prilla.com/us/brands,Brands,,
https://prilla.com/us/bestsellers,Bestselling Nicotine Pouches,,
https://prilla.com/us/berry-nicotine-pouches,Berry Nicotine Pouches,,
https://prilla.com/us/alp-nicotine-pouches/alp-tropical-fruit-9mg,ALP Tropical Fruit 9mg,https://prilla.com/media/catalog/product/cache/1f74410ad1047917b68b5f820981491a/a/l/alp_tropical_fruit_9mg_t_360.png,ALP Tropical Fruit 9mg
https://prilla.com/us/alp-nicotine-pouches/alp-tropical-fruit-3mg,ALP Tropical Fruit 3mg,https://prilla.com/media/catalog/product/cache/1f74410ad1047917b68b5f820981491a/a/l/alp_tropical_fruit_3mg_t_360.png,ALP Tropical Fruit 3mg
https://prilla.com/us/alp-nicotine-pouches/alp-tropical-fruit-6mg,ALP Tropical Fruit 6mg,https://prilla.com/media/catalog/product/cache/1f74410ad1047917b68b5f820981491a/a/l/alp_tropical_fruit_6mg_t_360.png,ALP Tropical Fruit 6mg
https://prilla.com/us/alp-nicotine-pouches/alp-refreshing-chill-9mg,ALP Refreshing Chill 9mg,https://prilla.com/media/catalog/product/cache/1f74410ad1047917b68b5f820981491a/a/l/alp_refreshing_chill_9mg_t_360.png,ALP Refreshing Chill 9mg
https://prilla.com/us/alp-nicotine-pouches/alp-refreshing-chill-6mg,ALP Refreshing Chill 6mg,https://prilla.com/media/catalog/product/cache/1f74410ad1047917b68b5f820981491a/a/l/alp_refreshing_chill_6mg_t_360.png,ALP Refreshing Chill 6mg
https://prilla.com/us/alp-nicotine-pouches/alp-refreshing-chill-3mg,ALP Refreshing Chill 3mg,https://prilla.com/media/catalog/product/cache/1f74410ad1047917b68b5f820981491a/a/l/alp_refreshing_chill_3mg_t_360.png,ALP Refreshing Chill 3mg
https://prilla.com/us/alp-nicotine-pouches/alp-mountain-wintergreen-9mg,ALP Mountain Wintergreen 9mg,https://prilla.com/media/catalog/product/cache/1f74410ad1047917b68b5f820981491a/a/l/alp_mountain_wintergreent_9mg_t_360.png,ALP Mountain Wintergreen 9mg
https://prilla.com/us/alp-nicotine-pouches/alp-mountain-wintergreen-6mg,ALP Mountain Wintergreen 6mg,https://prilla.com/media/catalog/product/cache/1f74410ad1047917b68b5f820981491a/a/l/alp_mountain_wintergreent_6mg_t_360.png,ALP Mountain Wintergreen 6mg
https://prilla.com/us/alp-nicotine-pouches/alp-mountain-wintergreen-3mg,ALP Mountain Wintergreen 3mg,https://prilla.com/media/catalog/product/cache/1f74410ad1047917b68b5f820981491a/a/l/alp_mountain_wintergreent_3mg_t_360.png,ALP Mountain Wintergreen 3mg
https://prilla.com/us/alp-nicotine-pouches/alp-chilled-mint-9mg,ALP Chilled Mint 9mg,https://prilla.com/media/catalog/product/cache/1f74410ad1047917b68b5f820981491a/a/l/alp_chilled_mint_9mg_t_360.png,ALP Chilled Mint 9mg
https://prilla.com/us/alp-nicotine-pouches/alp-chilled-mint-6mg,ALP Chilled Mint 6mg,https://prilla.com/media/catalog/product/cache/1f74410ad1047917b68b5f820981491a/a/l/alp_chilled_mint_6mg_t_360.png,ALP Chilled Mint 6mg
https://prilla.com/us/alp-nicotine-pouches/alp-chilled-mint-3mg,ALP Chilled Mint 3mg,https://prilla.com/media/catalog/product/cache/1f74410ad1047917b68b5f820981491a/a/l/alp_chilled_mint_3mg_t_360.png,ALP Chilled Mint 3mg
https://prilla.com/us/accessibility,Accessibility,,
https://prilla.com/us/2one-nicotine-pouches/2one-wintergreen-8mg,2ONE Wintergreen 8mg,https://prilla.com/media/catalog/product/cache/1f74410ad1047917b68b5f820981491a/2/o/2one_wintergreen_t_360.png,2ONE Wintergreen 8mg
https://prilla.com/us/2one-nicotine-pouches/2one-citrus-8mg,2ONE Citrus 8mg,https://prilla.com/media/catalog/product/cache/1f74410ad1047917b68b5f820981491a/2/o/2one_citrus_t_360.png,2ONE Citrus 8mg
https://prilla.com/us/2one-nicotine-pouches/2one-glacier-mint-8mg,2ONE Glacier Mint 8mg,https://prilla.com/media/catalog/product/cache/1f74410ad1047917b68b5f820981491a/2/o/2one_glacier_mint_t_360.png,2ONE Glacier Mint 8mg
https://prilla.com/us/2one-nicotine-pouches/2one-naked-8mg,2ONE Naked 8mg,https://prilla.com/media/catalog/product/cache/1f74410ad1047917b68b5f820981491a/2/o/2one_naked_t_360.png,2ONE Naked 8mg
https://prilla.com/us/2one-nicotine-pouches/2one-very-berry-8mg,2ONE Very Berry 8mg,https://prilla.com/media/catalog/product/cache/1f74410ad1047917b68b5f820981491a/2/o/2one_very_berrry_t_360_1.png,2ONE Very Berry 8mg
https://prilla.com/us/2one-nicotine-pouches/2one-chewy-watermelon-8mg,2ONE Chewy Watermelon 8mg,https://prilla.com/media/catalog/product/cache/1f74410ad1047917b68b5f820981491a/2/o/2one_chewy_watermelon_t_360.png,2ONE Chewy Watermelon 8mg