url,title,description,keywords,og_title,og_description,og_image,canonical,robots,slug,page_type,word_count,h1_tags,h2_tags
https://nicotine-pouches.org/product-category/ace/,ACE Archives | Nicotine Pouches,,,ACE Archives | Nicotine Pouches,,https://nicotine-pouches.org/wp-content/uploads/2024/08/cool-mint.webp,https://nicotine-pouches.org/product-category/ace/,"index, follow, max-image-preview:large, max-snippet:-1, max-video-preview:-1",ace,page,845,ACE,Filters | ACE X Cool Mint | ACE X HONEYDEW BLACK PEPPER | X Cool Mint Nicotine Pouches by Ace | Liquorice Mint Nicotine Pouches by Ace | Set Price Alert | Welcome! | Create Account
https://nicotine-pouches.org/settings,Settings | Nicotine Pouches,"Settings 





When you visit",,Settings | Nicotine Pouches,"Settings 





When you visit",https://nicotine-pouches.org/wp-content/uploads/2024/04/logo-2.png,https://nicotine-pouches.org/settings/,"index, follow, max-image-preview:large, max-snippet:-1, max-video-preview:-1",settings,page,544,,Welcome! | Create Account
https://nicotine-pouches.org/product-category/iceberg/,ICEBERG Archives | Nicotine Pouches,,,ICEBERG Archives | Nicotine Pouches,,https://nicotine-pouches.org/wp-content/uploads/2024/04/logo-2.png,https://nicotine-pouches.org/product-category/iceberg/,"index, follow, max-image-preview:large, max-snippet:-1, max-video-preview:-1",iceberg,page,552,ICEBERG,Welcome! | Create Account
https://nicotine-pouches.org,Nicotine Pouches UK: Compare Prices & Deals,Discover top deals on nicotine pouches in the UK. Compare prices from leading brands for the best value. Fast delivery available!,,Nicotine Pouches UK: Compare Prices & Deals,Discover top deals on nicotine pouches in the UK. Compare prices from leading brands for the best value. Fast delivery available!,https://nicotine-pouches.org/wp-content/uploads/2024/04/logo-2.png,https://nicotine-pouches.org/,"index, follow, max-image-preview:large, max-snippet:-1, max-video-preview:-1",homepage,homepage,1379,Nicotine Pouches UK,"Trending UK
Nicotine Pouches | Trending UK
Nicotine Pouches | Last visited products | Velo Crispy Peppermint | XQS Blueberry Mint Strong | Zyn Fresh Mint Slim | ACE X HONEYDEW BLACK PEPPER | SKRUF FRESH MINT S3 | RAVE LA PASSION FRUIT 50MG | LUNDGRENS FJÄLLSKOG | Übbs Watermelon | TRYKURWA COFFEE BANANA FRAPPUCCINO FATALITY NICOTINE POUCHES | Set Price Alert | Best deals of the day | Velo Peppermint Storm | XQS Cactus Sour Strong | Zyn Cucumber Lime Slim | X Cool Mint Nicotine Pouches by Ace | SKRUF FRESH FREEZE ULTRA LIMITED | Übbs Berry | Kurwa Cola Marmalade Candy Nicotine Pouches | Helwit Mocha | Killa Dry Mango Ice | Set Price Alert | Discover the Best Nicotine Pouches UK with Our Price Comparison Service | Welcome! | Create Account"
https://nicotine-pouches.org/product/loop-habanero-mint-extra-strong/,LOOP Habanero Mint Extra Strong | Nicotine Pouches,"Experience an intense burst of flavor and nicotine with LOOP Habanero Mint Extra Strong nicotine pouches. These pouches offer a convenient way to enjoy a refreshing habanero mint taste while getting a powerful nicotine delivery. Say goodbye to smoke or snus - simply pop in a pouch for a discreet and enjoyable experience anytime, anywhere.",,LOOP Habanero Mint Extra Strong | Nicotine Pouches,Experience a spicy kick with LOOP Habanero Mint Extra Strong nicotine pouches. Convenient and flavorful choice for tobacco-free satisfaction.,https://nicotine-pouches.org/wp-content/uploads/2024/08/loop-habanero-mint-slim-extra-strong-2.png,https://nicotine-pouches.org/us/product/loop-habanero-mint-extra-strong/,"index, follow, max-image-preview:large, max-snippet:-1, max-video-preview:-1",loop-habanero-mint-extra-strong,product,712,LOOP Habanero Mint Extra Strong,Related products | Reviews | Reviews | About the product | Welcome! | Create Account
https://nicotine-pouches.org/careers,Careers | Nicotine Pouches,"Join Our Content Creator Program: Share Your Journey with Nicotine Pouches
  Are you passionate about nicotine pouches and skilled at creating engaging content?
At Nicotine Pouches, we empower content creators to embark on a rewarding journey by partnering with top vendors through our dedicated portal.",,Careers | Nicotine Pouches,"Join Our Content Creator Program: Share Your Journey with Nicotine Pouches
  Are you passionate about nicotine pouches and skilled at creating engaging content?
At Nicotine Pouches, we empower content creators to embark on a rewarding journey by partnering with top vendors through our dedicated portal.",https://nicotine-pouches.org/wp-content/uploads/2024/04/logo-2.png,https://nicotine-pouches.org/careers/,"index, follow, max-image-preview:large, max-snippet:-1, max-video-preview:-1",careers,page,440,"Join Our Content
Team at Nicotine Pouches | Join Our Content Creator Program: Share Your Journey with Nicotine Pouches | What We Offer:","At Nicotine Pouches, we’re passionate about providing consumers with the best nicotine products while fostering a culture of innovation and sustainability. As we continue to grow, we’re looking for talented individuals who share our commitment to excellence and are eager to contribute to our dynamic team. | Are you passionate about nicotine pouches and skilled at creating engaging content?
At Nicotine Pouches, we empower content creators to embark on a rewarding journey by partnering with top vendors through our dedicated portal. | What We Offer: | Vendor Connections: Gain access to the best vendors in the nicotine pouch industry through our exclusive portal. Whether you’re just starting out or looking to expand your reach, we provide the connections you need to collaborate with reputable brands.
Support and Resources: Receive guidance and resources to enhance your content creation journey. From product insights to marketing strategies, we’re here to support your growth as a content creator.
Monetization Opportunities: Explore opportunities to monetise your content. As you share your experiences with nicotine pouches, our programme enables you to potentially earn income through partnerships and promotions. | Expertise | Newsroom | Application form | Book a call | Welcome! | Create Account"
https://nicotine-pouches.org/product-category/baron/,Baron Archives | Nicotine Pouches,,,Baron Archives | Nicotine Pouches,,https://nicotine-pouches.org/wp-content/uploads/2024/04/logo-2.png,https://nicotine-pouches.org/product-category/baron/,"index, follow, max-image-preview:large, max-snippet:-1, max-video-preview:-1",baron,page,552,Baron,Welcome! | Create Account
https://nicotine-pouches.org/sustainability/,Sustainability and Guidelines | Nicotine Pouches,"Sustainability and Guidelines 
Activities for Sustainable Community Development
At Nicotine Pouches, our mission is to assist consumers in finding superior products and better deals. This involves helping consumers save money and discover higher-quality products that last longer. Nicotine Pouches contributes to sustainable community development through the following initiatives:

Price Comparison: We enable millions of consumers",,Sustainability and Guidelines | Nicotine Pouches,"Sustainability and Guidelines 
Activities for Sustainable Community Development
At Nicotine Pouches, our mission is to assist consumers in finding superior products and better deals. This involves helping consumers save money and discover higher-quality products that last longer. Nicotine Pouches contributes to sustainable community development through the following initiatives:

Price Comparison: We enable millions of consumers",https://nicotine-pouches.org/wp-content/uploads/2024/04/logo-2.png,https://nicotine-pouches.org/sustainability/,"index, follow, max-image-preview:large, max-snippet:-1, max-video-preview:-1",sustainability,page,962,,Sustainability and Guidelines | Sustainability and Guidelines | Welcome! | Create Account
https://nicotine-pouches.org/product-category/on/,ON! Archives | Nicotine Pouches,,,ON! Archives | Nicotine Pouches,,https://nicotine-pouches.org/wp-content/uploads/2024/04/logo-2.png,https://nicotine-pouches.org/product-category/on/,"index, follow, max-image-preview:large, max-snippet:-1, max-video-preview:-1",on,page,552,ON!,Welcome! | Create Account
https://nicotine-pouches.org/product-category/white/,White Archives | Nicotine Pouches,,,White Archives | Nicotine Pouches,,https://nicotine-pouches.org/wp-content/uploads/2024/08/YtGAtcSssRHzWB32NVItwLZaru85RkNvdDXFnVQv.webp,https://nicotine-pouches.org/product-category/white/,"index, follow, max-image-preview:large, max-snippet:-1, max-video-preview:-1",white,page,809,White,Filters | White Fox Double Mint | WHITE FOX ALL WHITE PORTION | Set Price Alert | Welcome! | Create Account
https://nicotine-pouches.org/product-category/loop/,LOOP Archives | Nicotine Pouches,,,LOOP Archives | Nicotine Pouches,,https://nicotine-pouches.org/wp-content/uploads/2024/08/LOOP-Jalapeno-Lime-Hyper-Strong.webp,https://nicotine-pouches.org/product-category/loop/,"index, follow, max-image-preview:large, max-snippet:-1, max-video-preview:-1",loop,page,796,LOOP,Filters | LOOP Jalapeno Lime Hyper Strong | Set Price Alert | Welcome! | Create Account
https://nicotine-pouches.org/product-category/klint/,KLINT Archives | Nicotine Pouches,,,KLINT Archives | Nicotine Pouches,,https://nicotine-pouches.org/wp-content/uploads/2024/03/Apple_Mint_Nicotine_Pouches_by_Klint_14MG_2048x2048.png,https://nicotine-pouches.org/product-category/klint/,"index, follow, max-image-preview:large, max-snippet:-1, max-video-preview:-1",klint,page,911,KLINT,Filters | Breeze Mint Nicotine Pouches by Klint | Avalanche Mint Nicotine Pouches by Klint | Passion fruit Nicotine Pouches by Klint | Fresh Lime Nicotine Pouches by Klint | Honey Melon Nicotine Pouches by Klint | Apple Mint Nicotine Pouches by Klint | Blåklint Nicotine Pouches by Klint | Freeze Mint Nicotine Pouches by Klint | Set Price Alert | Welcome! | Create Account
https://nicotine-pouches.org/safe-online-shopping/,Safe Online Shopping | Nicotine Pouches,"Safe Online Shopping 

E-commerce has been around for over 20 years and is now an established, well-functioning, and convenient way to shop. Nearly 10% of all purchases in the UK are made online. Additionally, online shopping is safe and governed by comprehensive laws and regulations.

Here are some important things to know when shopping",,Safe Online Shopping | Nicotine Pouches,"Safe Online Shopping 

E-commerce has been around for over 20 years and is now an established, well-functioning, and convenient way to shop. Nearly 10% of all purchases in the UK are made online. Additionally, online shopping is safe and governed by comprehensive laws and regulations.

Here are some important things to know when shopping",https://nicotine-pouches.org/wp-content/uploads/2024/04/logo-2.png,https://nicotine-pouches.org/safe-online-shopping/,"index, follow, max-image-preview:large, max-snippet:-1, max-video-preview:-1",safe-online-shopping,page,730,,Safe Online Shopping | Welcome! | Create Account
https://nicotine-pouches.org/product/on-island-twist-6mg-mini-strong/,Page not found | Nicotine Pouches,,,Page not found | Nicotine Pouches,,https://nicotine-pouches.org/wp-content/uploads/2024/04/logo-2.png,,"noindex, follow",on-island-twist-6mg-mini-strong,product,567,,"Oops, This Page Could Not Be Found! | Welcome! | Create Account"
https://nicotine-pouches.org/product/ice-cool-nicotine-pouches-by-velo/,Compare Nicotine Pouch Prices - Find Best Deals,Discover the best nicotine pouch prices. Compare deals now to save money on top brands and get the best offers instantly!,,Compare Nicotine Pouch Prices - Find Best Deals,Discover the best nicotine pouch prices. Compare deals now to save money on top brands and get the best offers instantly!,https://nicotine-pouches.org/wp-content/uploads/2024/08/velo-ice-cool-strong-1.png,https://nicotine-pouches.org/us/product/ice-cool-nicotine-pouches-by-velo/,"index, follow, max-image-preview:large, max-snippet:-1, max-video-preview:-1",ice-cool-nicotine-pouches-by-velo,product,700,Velo Ice Cool Strong,Related products | Reviews | Reviews | About the product | Welcome! | Create Account
https://nicotine-pouches.org/product-category/zone/,Zone Archives | Nicotine Pouches,,,Zone Archives | Nicotine Pouches,,https://nicotine-pouches.org/wp-content/uploads/2024/04/logo-2.png,https://nicotine-pouches.org/product-category/zone/,"index, follow, max-image-preview:large, max-snippet:-1, max-video-preview:-1",zone,page,552,Zone,Welcome! | Create Account
https://nicotine-pouches.org/my-account/,Watchlist | Nicotine Pouches,,,Watchlist | Nicotine Pouches,,https://nicotine-pouches.org/wp-content/uploads/2024/04/logo-2.png,https://nicotine-pouches.org/my-account/,"noindex, follow",my-account,page,626,,My Lists | Price Alerts | Settings | Product Catalog | Welcome! | Create Account
https://nicotine-pouches.org/product-category/apres/,Après Archives | Nicotine Pouches,,,Après Archives | Nicotine Pouches,,https://nicotine-pouches.org/wp-content/uploads/2024/03/Appletini_Nicotine_Pouches_by_Apr_s_15MG_2048x2048.jpg,https://nicotine-pouches.org/product-category/apres/,"index, follow, max-image-preview:large, max-snippet:-1, max-video-preview:-1",apres,page,859,Après,Filters | Après Raspberry Liqorice | Après Lemon Curd | Après Cola | Après Ice Tea Peach | Après Menthol | Après Appletini | Set Price Alert | Welcome! | Create Account
https://nicotine-pouches.org/product/elderflower-nicotine-pouches-by-nordic-spirit-3/,Nordic Spirit Elderflower Nicotine Pouches - Refreshing Flavor,"Enjoy a burst of refreshing elderflower with Nordic Spirit nicotine pouches. Perfect for a discreet, nicotine experience anytime, anywhere!",,Nordic Spirit Elderflower Nicotine Pouches - Refreshing Flavor,"Enjoy a burst of refreshing elderflower with Nordic Spirit nicotine pouches. Perfect for a discreet, nicotine experience anytime, anywhere!",https://nicotine-pouches.org/wp-content/uploads/2024/03/Elderflower_Nicotine_Pouches_by_Nordic_Spirit_6MG_1024x1024.jpg,https://nicotine-pouches.org/product/elderflower-nicotine-pouches-by-nordic-spirit-3/,"index, follow, max-image-preview:large, max-snippet:-1, max-video-preview:-1",elderflower-nicotine-pouches-by-nordic-spirit-3,product,737,Elderflower Nicotine Pouches by Nordic Spirit,Related products | Reviews | Reviews | About the product | Welcome! | Create Account
https://nicotine-pouches.org/product-category/fedrs-stripe/,FEDRS Stripe Archives | Nicotine Pouches,,,FEDRS Stripe Archives | Nicotine Pouches,,https://nicotine-pouches.org/wp-content/uploads/2024/03/Bizzard_Nicotine_Pouches_by_FEDRS_Stripe_20MG_2048x2048.jpg,https://nicotine-pouches.org/product-category/fedrs-stripe/,"index, follow, max-image-preview:large, max-snippet:-1, max-video-preview:-1",fedrs-stripe,page,866,FEDRS Stripe,Filters | Snowflakes Nicotine Pouches by FEDRS Stripe | Ice Cool Citrus Nicotine Pouches by FEDRS | FEDRS Stripe Bizzard | Ice Cool Mint Nicotine Pouches by FEDRS | Frosty Vine Nicotine Pouches by FEDRS Stripe | Set Price Alert | Welcome! | Create Account
https://nicotine-pouches.org/product-category/kurwa/,KURWA Archives | Nicotine Pouches,,,KURWA Archives | Nicotine Pouches,,https://nicotine-pouches.org/wp-content/uploads/2024/03/Apple_Bubblegum_Fatality_Nicotine_Pouches_by_KURWA_46.9MG_2048x2048.jpg,https://nicotine-pouches.org/product-category/kurwa/,"index, follow, max-image-preview:large, max-snippet:-1, max-video-preview:-1",kurwa,page,1134,KURWA,Filters | Watermelon Candy Nicotine Pouches by KURWA | Lemon Lemongras Fatality Nicotine Pouches by KURWA | Bubblegum Killer Nicotine Pouches by KURWA | Energy Cola Fatality Nicotine Pouches by KURWA | Fresh Cola Vanilla Cherry Collection Nicotine Pouches by KURWA | Energy Bubblegum Fatality Nicotine Pouches by KURWA | Blackcurrant Killer Nicotine Pouches by KURWA | Brutal Fruity Gum Fatality Nicotine Pouches by KURWA | Killa Mini Banana Ice | Just Berries Forest Berries Collection Nicotine Pouches by KURWA | Blueberry Marmalade Killer Nicotine Pouches by KURWA | Cherry Cranberry Shake Fatality Nicotine Pouches by KURWA | Grapefruit Lemonily Vanilla Fatality Nicotine Pouches by KURWA | Strawberry Vanilla Candy Nicotine Pouches by KURWA | Apple Lemon Pear Cake Mafia Nicotine Pouches by KURWA | Brutal Blueberry Fatality Nicotine Pouches by KURWA | Cherry Raspberry Strawberry Mafia Nicotine Pouches by KURWA | Brutal Energy Drink Fatality Nicotine Pouches by KURWA | Pink Rose Lemonade Fatality Nicotine Pouches by KURWA | Ice Candy Nicotine Pouches by KURWA | Set Price Alert | Welcome! | Create Account
https://nicotine-pouches.org/product-category/lundgrens/,Lundgrens Archives | Nicotine Pouches,,,Lundgrens Archives | Nicotine Pouches,,https://nicotine-pouches.org/wp-content/uploads/2024/08/SawmxV1m7gVoNqUjsRAkZPe39eOjuSDABH1YIqTl.webp,https://nicotine-pouches.org/product-category/lundgrens/,"index, follow, max-image-preview:large, max-snippet:-1, max-video-preview:-1",lundgrens,page,805,Lundgrens,Filters | LUNDGRENS FJÄLLSKOG | LUNDGRENS DUNGE | Set Price Alert | Welcome! | Create Account
https://nicotine-pouches.org/product/cherry-nicotine-pouches-by-helwit-3/,Helwit Cherry Nicotine Pouches - Flavorful & Convenient,"Discover Helwit Cherry Nicotine Pouches for a flavorful, smoke-free experience. Enjoy convenience and satisfaction anywhere, anytime!",,Helwit Cherry Nicotine Pouches - Flavorful & Convenient,"Discover Helwit Cherry Nicotine Pouches for a flavorful, smoke-free experience. Enjoy convenience and satisfaction anywhere, anytime!",https://nicotine-pouches.org/wp-content/uploads/2024/08/helwit-cherry-2.png,https://nicotine-pouches.org/us/product/cherry-nicotine-pouches-by-helwit-3/,"index, follow, max-image-preview:large, max-snippet:-1, max-video-preview:-1",cherry-nicotine-pouches-by-helwit-3,product,699,Helwit Cherry,Related products | Reviews | Reviews | About the product | Welcome! | Create Account
https://nicotine-pouches.org/product/cool-mint-mini-nicotine-pouches-by-zyn-3/,Compare Nicotine Pouch Prices - ZYN Cool Mint Deals,Discover the best deals on ZYN Cool Mint Mini Strong 6 mg. Compare nicotine pouch prices now and save money with top offers today!,,Compare Nicotine Pouch Prices - ZYN Cool Mint Deals,Discover the best deals on ZYN Cool Mint Mini Strong 6 mg. Compare nicotine pouch prices now and save money with top offers today!,https://nicotine-pouches.org/wp-content/uploads/2024/08/zyn-cool-mint-mini-strong-6-mg-1.png,https://nicotine-pouches.org/us/product/cool-mint-mini-nicotine-pouches-by-zyn-3/,"index, follow, max-image-preview:large, max-snippet:-1, max-video-preview:-1",cool-mint-mini-nicotine-pouches-by-zyn-3,product,715,ZYN Cool Mint Mini Strong 6 mg,Related products | Reviews | Reviews | About the product | Welcome! | Create Account
https://nicotine-pouches.org/find-the-right-product/,Find the right product | Nicotine Pouches,"Find the Right Product 

With a wide selection of nicotine pouches available on Nicotine-Pouches.org, we are confident that there is something for everyone. Our goal is to ensure you always have the best user experience and, most importantly, find what you are looking for. 

Features to Help You 

Do you know exactly which",,Find the right product | Nicotine Pouches,"Find the Right Product 

With a wide selection of nicotine pouches available on Nicotine-Pouches.org, we are confident that there is something for everyone. Our goal is to ensure you always have the best user experience and, most importantly, find what you are looking for. 

Features to Help You 

Do you know exactly which",https://nicotine-pouches.org/wp-content/uploads/2024/04/logo-2.png,https://nicotine-pouches.org/find-the-right-product/,"index, follow, max-image-preview:large, max-snippet:-1, max-video-preview:-1",find-the-right-product,page,802,,Find the Right Product | Features to Help You | Search for Your Product | Welcome! | Create Account
https://nicotine-pouches.org/product-category/xqs,XQS Archives | Nicotine Pouches,,,XQS Archives | Nicotine Pouches,,https://nicotine-pouches.org/wp-content/uploads/2024/08/xqs-arctic-freeze-extra-strong-1.png,https://nicotine-pouches.org/product-category/xqs/,"index, follow, max-image-preview:large, max-snippet:-1, max-video-preview:-1",xqs,page,1011,XQS,Filters | XQS Cactus Sour Strong | XQS Elderflower Normal | XQS Blueberry Mint Strong | XQS Orange Apple Normal | XQS Spearmint Strong | XQS Soft Toffee Strong | XQS Black Cherry Strong | XQS Black Cherry Normal | XQS Elderflower Strong | XQS Arctic Freeze Extra Strong | XQS Orange Apple Strong | XQS Cool Ice Extra Strong | XQS Wintergreen Normal | XQS TROPICAL LIMITED STRONG | XQS Twin Apple Slim Strong Nicotine Pouches | XQS Citrus Cooling Slim Strong Nicotine Pouches | Set Price Alert | Welcome! | Create Account
https://nicotine-pouches.org/product-category/lyft/,LYFT Archives | Nicotine Pouches,,,LYFT Archives | Nicotine Pouches,,https://nicotine-pouches.org/wp-content/uploads/2024/08/ox3n51Hia9a3B8xFNGRkdbuIDso7tN3O6RHaXKCy.webp,https://nicotine-pouches.org/product-category/lyft/,"index, follow, max-image-preview:large, max-snippet:-1, max-video-preview:-1",lyft,page,811,LYFT,Filters | LYFT COOL AIR SLIM ULTRA STRONG | LYFT COOL AIR X-STRONG | Set Price Alert | Welcome! | Create Account
https://nicotine-pouches.org/about,About us | Nicotine Pouches,"About us   
About Nicotine Pouches Comparison At Nicotine Pouches Comparison, our mission is to provide an exceptional comparison shopping experience for our users. We pride ourselves on offering a comprehensive platform that allows users to easily compare and find the best nicotine pouches available on the market.
Founded with a commitment to excellence, Nicotine",,About us | Nicotine Pouches,"About us   
About Nicotine Pouches Comparison At Nicotine Pouches Comparison, our mission is to provide an exceptional comparison shopping experience for our users. We pride ourselves on offering a comprehensive platform that allows users to easily compare and find the best nicotine pouches available on the market.
Founded with a commitment to excellence, Nicotine",https://nicotine-pouches.org/wp-content/uploads/2024/04/logo-2.png,https://nicotine-pouches.org/about-us/,"index, follow, max-image-preview:large, max-snippet:-1, max-video-preview:-1",about,page,852,About us,About Nicotine Pouches Comparison | Why choose us? | Welcome! | Create Account
https://nicotine-pouches.org/product/loop-jalapeno-lime/,LOOP Jalapeño Lime Nicotine Pouches - Bold Flavor Boost,"Experience the zesty kick of LOOP Jalapeño Lime Nicotine Pouches! Enjoy a satisfying nicotine hit with bold flavors, perfect for on-the-go use.",,LOOP Jalapeño Lime Nicotine Pouches - Bold Flavor Boost,"Experience the zesty kick of LOOP Jalapeño Lime Nicotine Pouches! Enjoy a satisfying nicotine hit with bold flavors, perfect for on-the-go use.",https://nicotine-pouches.org/wp-content/uploads/2024/08/loop-jalapeno-lime-1.png,https://nicotine-pouches.org/us/product/loop-jalapeno-lime/,"index, follow, max-image-preview:large, max-snippet:-1, max-video-preview:-1",loop-jalapeno-lime,product,715,LOOP Jalapeño Lime,Related products | Reviews | Reviews | About the product | Welcome! | Create Account
https://nicotine-pouches.org/product/citrus-mini-nicotine-pouches-by-zyn-3/,Compare ZYN Citrus Mini Strong 6mg Nicotine Pouch Prices,Find the best deals on ZYN Citrus Mini Strong 6mg nicotine pouches. Compare prices now to save money and get the best offers available!,,Compare ZYN Citrus Mini Strong 6mg Nicotine Pouch Prices,Find the best deals on ZYN Citrus Mini Strong 6mg nicotine pouches. Compare prices now to save money and get the best offers available!,https://nicotine-pouches.org/wp-content/uploads/2024/08/zyn-citrus-mini-strong-6-mg-1.png,https://nicotine-pouches.org/us/product/citrus-mini-nicotine-pouches-by-zyn-3/,"index, follow, max-image-preview:large, max-snippet:-1, max-video-preview:-1",citrus-mini-nicotine-pouches-by-zyn-3,product,717,ZYN Citrus Mini Strong 6 mg,Related products | Reviews | Reviews | About the product | Welcome! | Create Account
https://nicotine-pouches.org/product-category/zyn/,Zyn Archives | Nicotine Pouches,,,Zyn Archives | Nicotine Pouches,,https://nicotine-pouches.org/wp-content/uploads/2024/08/ZYN-Apple-Mint-Slim-Strong.webp,https://nicotine-pouches.org/product-category/zyn/,"index, follow, max-image-preview:large, max-snippet:-1, max-video-preview:-1",zyn,page,1043,Zyn,Filters | ZYN Slim Red Fruits Strong | ZYN Spearmint Slim | ZYN Cool Mint Slim Extra Strong | ZYN Black Cherry Mini 3mg | Zyn Fresh Mint Slim | Zyn Cucumber Lime Slim | ZYN Deep Freeze Slim Extra Strong | ZYN Espressino Mini Dry 3mg | ZYN Espressino Mini Dry 6mg | ZYN Spearmint Mini dry 3mg | Zyn Violet Licorice Slim | Zyn Bellini 3mg Mini | ZYN Lemon Spritz Slim | Zyn Cool Mint 3mg Mini | Zyn Cool Frost Slim Strong | ZYN Apple Mint Slim Strong | ZYN SPEARMINT SLIM STRONG | Zyn Citrus Slim Strong | Set Price Alert | Welcome! | Create Account
https://nicotine-pouches.org/product/loop-habanero-mint-slim-extra-strong/,LOOP Habanero Mint Slim Extra Strong Nicotine Pouches,Discover LOOP Habanero Mint Slim Extra Strong Nicotine Pouches for a bold flavor and intense satisfaction. Experience the perfect nicotine boost today!,,LOOP Habanero Mint Slim Extra Strong Nicotine Pouches,Discover LOOP Habanero Mint Slim Extra Strong Nicotine Pouches for a bold flavor and intense satisfaction. Experience the perfect nicotine boost today!,https://nicotine-pouches.org/wp-content/uploads/2024/08/loop-habanero-mint-slim-extra-strong-1.png,https://nicotine-pouches.org/us/product/loop-habanero-mint-slim-extra-strong/,"index, follow, max-image-preview:large, max-snippet:-1, max-video-preview:-1",loop-habanero-mint-slim-extra-strong,product,715,LOOP Habanero Mint Slim Extra Strong,Related products | Reviews | Reviews | About the product | Welcome! | Create Account
https://nicotine-pouches.org/product-category/hit/,HIT Archives | Nicotine Pouches,,,HIT Archives | Nicotine Pouches,,https://nicotine-pouches.org/wp-content/uploads/2024/04/logo-2.png,https://nicotine-pouches.org/product-category/hit/,"index, follow, max-image-preview:large, max-snippet:-1, max-video-preview:-1",hit,page,552,HIT,Welcome! | Create Account
https://nicotine-pouches.org/nicotine-pouches-api-doc/,Nicotine Pouches API #5 | Nicotine Pouches,Introduction,,Nicotine Pouches API #5 | Nicotine Pouches,Introduction,https://nicotine-pouches.org/wp-content/uploads/2024/04/logo-2.png,https://nicotine-pouches.org/nicotine-pouches-api-doc/,"index, follow, max-image-preview:large, max-snippet:-1, max-video-preview:-1",nicotine-pouches-api-doc,page,1101,,Introduction | Welcome! | Create Account
https://nicotine-pouches.org/product-category/zixs/,ZiXS Archives | Nicotine Pouches,,,ZiXS Archives | Nicotine Pouches,,https://nicotine-pouches.org/wp-content/uploads/2024/04/logo-2.png,https://nicotine-pouches.org/product-category/zixs/,"index, follow, max-image-preview:large, max-snippet:-1, max-video-preview:-1",zixs,page,552,ZiXS,Welcome! | Create Account
https://nicotine-pouches.org/shop,Shop | Nicotine Pouches,,,Shop | Nicotine Pouches,,https://nicotine-pouches.org/wp-content/uploads/2024/04/logo-2.png,https://nicotine-pouches.org/shop/,"index, follow, max-image-preview:large, max-snippet:-1, max-video-preview:-1",shop,page,1038,Shop,Filters | ZYN Spearmint Slim | ZYN Cool Mint Slim Extra Strong | ZYN Slim Red Fruits Strong | XQS Cactus Sour Strong | Velo Peppermint Storm | Velo Crispy Peppermint | XQS Elderflower Normal | XQS Blueberry Mint Strong | Velo Mango Flame | Velo Icy Berries | XQS Orange Apple Normal | ZYN Black Cherry Mini 3mg | Velo Arctic Grapefruit | XQS Soft Toffee Strong | Velo Orange Spark | Velo Wintery Watermelon Mini | Zyn Cucumber Lime Slim | White Fox Double Mint | Velo Lofty Liquorice | Velo Zest Flame | Set Price Alert | Welcome! | Create Account
https://nicotine-pouches.org/product/polar-mint-nicotine-pouches-by-velo/,Compare Nicotine Pouch Prices - Best Deals Today,Discover the best deals on nicotine pouches! Compare prices now to save money and find top brands at the lowest rates. Start saving today!,,Compare Nicotine Pouch Prices - Best Deals Today,Discover the best deals on nicotine pouches! Compare prices now to save money and find top brands at the lowest rates. Start saving today!,https://nicotine-pouches.org/wp-content/uploads/2024/08/velo-polar-mint-1.png,https://nicotine-pouches.org/product/polar-mint-nicotine-pouches-by-velo/,"index, follow, max-image-preview:large, max-snippet:-1, max-video-preview:-1",polar-mint-nicotine-pouches-by-velo,product,731,Velo Polar Mint,Related products | Reviews | Reviews | About the product | Welcome! | Create Account
https://nicotine-pouches.org/product-category/ubbs/,Übbs Archives | Nicotine Pouches,,,Übbs Archives | Nicotine Pouches,,https://nicotine-pouches.org/wp-content/uploads/2024/03/Cola_Ice_Nicotine_Pouches_by_bbs_11mg_2048x2048.jpg,https://nicotine-pouches.org/product-category/ubbs/,"index, follow, max-image-preview:large, max-snippet:-1, max-video-preview:-1",ubbs,page,794,Übbs,Filters | Übbs Cola Ice | Set Price Alert | Welcome! | Create Account
https://nicotine-pouches.org/product-category/velo/,Velo Archives | Nicotine Pouches,,,Velo Archives | Nicotine Pouches,,https://nicotine-pouches.org/wp-content/uploads/2024/08/R0PhvpQDTZto6mDzQc1IWm0quwLryC6OJQNcpxAO.webp,https://nicotine-pouches.org/product-category/velo/,"index, follow, max-image-preview:large, max-snippet:-1, max-video-preview:-1",velo,page,1049,Velo,Filters | Velo Peppermint Storm | Velo Crispy Peppermint | Velo Mango Flame | Velo Icy Berries | Velo Orange Spark | Velo Arctic Grapefruit | Velo Wintery Watermelon Mini | Velo Lofty Liquorice | Velo Zest Flame | Velo Zesty Elderflower | Velo Groovy Grape | Velo Polar Mint | Velo Crispy Peppermint Mini | Velo Witty Spearmint | Velo Breezy Mango Slim | Velo Blushy Berry | Velo Polar Mint Mini | Velo Icy Cherry | Velo Spiffy Spearmint Mini | VELO Mighty Peppermint | Set Price Alert | Welcome! | Create Account
https://nicotine-pouches.org/product-category/nordic-spirit/,Nordic Spirit Archives | Nicotine Pouches,,,Nordic Spirit Archives | Nicotine Pouches,,https://nicotine-pouches.org/wp-content/uploads/2024/03/Elderflower_Nicotine_Pouches_by_Nordic_Spirit_6MG_1024x1024.jpg,https://nicotine-pouches.org/product-category/nordic-spirit/,"index, follow, max-image-preview:large, max-snippet:-1, max-video-preview:-1",nordic-spirit,page,834,Nordic Spirit,Filters | Spearmint Nicotine Pouches by Nordic Spirit | Mint Nicotine Pouches By Nordic Spirit | Elderflower Nicotine Pouches by Nordic Spirit | Set Price Alert | Welcome! | Create Account
https://nicotine-pouches.org/product-category/extreme/,Extreme Archives | Nicotine Pouches,,,Extreme Archives | Nicotine Pouches,,https://nicotine-pouches.org/wp-content/uploads/2024/03/Arctic_Mint_Nicotine_Pouches_by_Extreme_16MG_2048x2048.jpg,https://nicotine-pouches.org/product-category/extreme/,"index, follow, max-image-preview:large, max-snippet:-1, max-video-preview:-1",extreme,page,875,Extreme,Filters | Lime Paradise Nicotine Pouches by Extreme | X-Iceberry Nicotine Pouches by Extreme | X-Cold Nicotine Pouches by Extreme | X-Freeze Nicotine Pouches by Extreme | X-Lime Nicotine Pouches by Extreme | Arctic Mint Nicotine Pouches by Extreme | Set Price Alert | Welcome! | Create Account
https://nicotine-pouches.org/product-category/nicotine-pouches/,Nicotine Pouches Archives | Nicotine Pouches,,,Nicotine Pouches Archives | Nicotine Pouches,,https://nicotine-pouches.org/wp-content/uploads/2024/04/logo-2.png,https://nicotine-pouches.org/product-category/nicotine-pouches/,"index, follow, max-image-preview:large, max-snippet:-1, max-video-preview:-1",nicotine-pouches,page,555,Nicotine Pouches,Welcome! | Create Account
https://nicotine-pouches.org/product-category/rave/,RAVE Archives | Nicotine Pouches,,,RAVE Archives | Nicotine Pouches,,https://nicotine-pouches.org/wp-content/uploads/2024/08/C8lUSjhgtCzvI9vyCOUBku2iOlWGDogBDzlksEfL.webp,https://nicotine-pouches.org/product-category/rave/,"index, follow, max-image-preview:large, max-snippet:-1, max-video-preview:-1",rave,page,796,RAVE,Filters | RAVE LA PASSION FRUIT 50MG | Set Price Alert | Welcome! | Create Account
https://nicotine-pouches.org/product-category/fumi/,FUMI Archives | Nicotine Pouches,,,FUMI Archives | Nicotine Pouches,,https://nicotine-pouches.org/wp-content/uploads/2024/04/logo-2.png,https://nicotine-pouches.org/product-category/fumi/,"index, follow, max-image-preview:large, max-snippet:-1, max-video-preview:-1",fumi,page,552,FUMI,Welcome! | Create Account
https://nicotine-pouches.org/product-category/rabbit/,Rabbit Archives | Nicotine Pouches,,,Rabbit Archives | Nicotine Pouches,,https://nicotine-pouches.org/wp-content/uploads/2024/04/logo-2.png,https://nicotine-pouches.org/product-category/rabbit/,"index, follow, max-image-preview:large, max-snippet:-1, max-video-preview:-1",rabbit,page,552,Rabbit,Welcome! | Create Account
https://nicotine-pouches.org/contact-us/,Contact us | Nicotine Pouches,"Contact Us 
Members and Visitors
To reach us at Nicotine Pouches, please email or connect with us through our Facebook page.

Email: info@nicotine-pouches.org
Facebook: Nicotine Pouches

Data Protection
For inquiries regarding data protection at Nicotine Pouches, please contact our Data Protection",,Contact us | Nicotine Pouches,"Contact Us 
Members and Visitors
To reach us at Nicotine Pouches, please email or connect with us through our Facebook page.

Email: info@nicotine-pouches.org
Facebook: Nicotine Pouches

Data Protection
For inquiries regarding data protection at Nicotine Pouches, please contact our Data Protection",https://nicotine-pouches.org/wp-content/uploads/2024/04/logo-2.png,https://nicotine-pouches.org/contact-us/,"index, follow, max-image-preview:large, max-snippet:-1, max-video-preview:-1",contact-us,page,653,,Contact Us | Welcome! | Create Account
https://nicotine-pouches.org/product-category/volt/,VOLT Archives | Nicotine Pouches,,,VOLT Archives | Nicotine Pouches,,https://nicotine-pouches.org/wp-content/uploads/2024/08/VOLT-Cool-Crips-Slim-Extra-Strong-removebg-preview.png,https://nicotine-pouches.org/product-category/volt/,"index, follow, max-image-preview:large, max-snippet:-1, max-video-preview:-1",volt,page,829,VOLT,Filters | VOLT DARK FROST SLIM EXTRA STRONG | VOLT DEEP FREEZE SLIM EXTRA STRONG | VOLT Cool Crisp Slim Extra Strong | Set Price Alert | Welcome! | Create Account
https://nicotine-pouches.org/,Nicotine Pouches UK: Compare Prices & Deals,Discover top deals on nicotine pouches in the UK. Compare prices from leading brands for the best value. Fast delivery available!,,Nicotine Pouches UK: Compare Prices & Deals,Discover top deals on nicotine pouches in the UK. Compare prices from leading brands for the best value. Fast delivery available!,https://nicotine-pouches.org/wp-content/uploads/2024/04/logo-2.png,https://nicotine-pouches.org/,"index, follow, max-image-preview:large, max-snippet:-1, max-video-preview:-1",homepage,homepage,1379,Nicotine Pouches UK,"Trending UK
Nicotine Pouches | Trending UK
Nicotine Pouches | Last visited products | Velo Crispy Peppermint | XQS Blueberry Mint Strong | Zyn Fresh Mint Slim | ACE X HONEYDEW BLACK PEPPER | SKRUF FRESH MINT S3 | RAVE LA PASSION FRUIT 50MG | LUNDGRENS FJÄLLSKOG | Übbs Watermelon | TRYKURWA COFFEE BANANA FRAPPUCCINO FATALITY NICOTINE POUCHES | Set Price Alert | Best deals of the day | Velo Peppermint Storm | XQS Cactus Sour Strong | Zyn Cucumber Lime Slim | X Cool Mint Nicotine Pouches by Ace | SKRUF FRESH FREEZE ULTRA LIMITED | Übbs Berry | Kurwa Cola Marmalade Candy Nicotine Pouches | Helwit Mocha | Killa Dry Mango Ice | Set Price Alert | Discover the Best Nicotine Pouches UK with Our Price Comparison Service | Welcome! | Create Account"
https://nicotine-pouches.org/product/mocha-nicotine-pouches-by-helwit-3/,Helwit Mocha Nicotine Pouches - Flavorful & Convenient,"Enjoy Helwit Mocha Nicotine Pouches for a rich flavor boost without smoke. Perfect for discreet use, satisfying cravings on-the-go.",,Helwit Mocha Nicotine Pouches - Flavorful & Convenient,"Enjoy Helwit Mocha Nicotine Pouches for a rich flavor boost without smoke. Perfect for discreet use, satisfying cravings on-the-go.",https://nicotine-pouches.org/wp-content/uploads/2024/08/helwit-mocha-2.png,https://nicotine-pouches.org/product/mocha-nicotine-pouches-by-helwit-3/,"index, follow, max-image-preview:large, max-snippet:-1, max-video-preview:-1",mocha-nicotine-pouches-by-helwit-3,product,846,Helwit Mocha,Related products | Reviews | Reviews | About the product | Welcome! | Create Account
https://nicotine-pouches.org/product-category/xqs/,XQS Archives | Nicotine Pouches,,,XQS Archives | Nicotine Pouches,,https://nicotine-pouches.org/wp-content/uploads/2024/08/xqs-arctic-freeze-extra-strong-1.png,https://nicotine-pouches.org/product-category/xqs/,"index, follow, max-image-preview:large, max-snippet:-1, max-video-preview:-1",xqs,page,1011,XQS,Filters | XQS Cactus Sour Strong | XQS Elderflower Normal | XQS Blueberry Mint Strong | XQS Orange Apple Normal | XQS Spearmint Strong | XQS Soft Toffee Strong | XQS Black Cherry Strong | XQS Black Cherry Normal | XQS Elderflower Strong | XQS Arctic Freeze Extra Strong | XQS Orange Apple Strong | XQS Cool Ice Extra Strong | XQS Wintergreen Normal | XQS TROPICAL LIMITED STRONG | XQS Twin Apple Slim Strong Nicotine Pouches | XQS Citrus Cooling Slim Strong Nicotine Pouches | Set Price Alert | Welcome! | Create Account
https://nicotine-pouches.org/frequently-asked-questions/,Frequently asked questions | Nicotine Pouches,"Frequently asked questions 




How can you compare so many products?
Some parts of the information collection process are automated, while others require manual",,Frequently asked questions | Nicotine Pouches,"Frequently asked questions 




How can you compare so many products?
Some parts of the information collection process are automated, while others require manual",https://nicotine-pouches.org/wp-content/uploads/2024/04/logo-2.png,https://nicotine-pouches.org/frequently-asked-questions/,"index, follow, max-image-preview:large, max-snippet:-1, max-video-preview:-1",frequently-asked-questions,page,887,,Frequently asked questions | Welcome! | Create Account
https://nicotine-pouches.org/product/loop-cassis-bliss-strong/,Compare Nicotine Pouch Prices - Best Deals Now,Discover the best deals on LOOP Cassis Bliss Strong. Compare nicotine pouch prices and save money instantly on your favorite brands!,,Compare Nicotine Pouch Prices - Best Deals Now,Discover the best deals on LOOP Cassis Bliss Strong. Compare nicotine pouch prices and save money instantly on your favorite brands!,https://nicotine-pouches.org/wp-content/uploads/2024/08/loop-cassis-bliss-strong-1.png,https://nicotine-pouches.org/us/product/loop-cassis-bliss-strong/,"index, follow, max-image-preview:large, max-snippet:-1, max-video-preview:-1",loop-cassis-bliss-strong,product,697,LOOP Cassis Bliss Strong,Related products | Reviews | Reviews | About the product | Welcome! | Create Account
https://nicotine-pouches.org/product/cooling-storm-nicotine-pouches-by-velo/,Compare Nicotine Pouch Prices - Velo Cooling Storm Deals,Find the best deals on Velo Cooling Storm 10.9 mg nicotine pouches. Compare prices now to save money and get the best offers available!,,Compare Nicotine Pouch Prices - Velo Cooling Storm Deals,Find the best deals on Velo Cooling Storm 10.9 mg nicotine pouches. Compare prices now to save money and get the best offers available!,https://nicotine-pouches.org/wp-content/uploads/2024/08/velo-cooling-storm-10-9-mg-1.png,https://nicotine-pouches.org/us/product/cooling-storm-nicotine-pouches-by-velo/,"index, follow, max-image-preview:large, max-snippet:-1, max-video-preview:-1",cooling-storm-nicotine-pouches-by-velo,product,705,Velo Cooling Storm 10.9 mg,Related products | Reviews | Reviews | About the product | Welcome! | Create Account
https://nicotine-pouches.org/product/on-plus-berry-slim-normal/,On! Plus Berry Slim Normal | Nicotine Pouches,"Enjoy the refreshing taste of On! Plus Berry Slim Normal nicotine pouches. These discreet pouches deliver a convenient and flavorful nicotine experience. With a slim design for comfort and ease of use, these pouches provide a quick nicotine delivery, perfect for on-the-go use. Experience the burst of berry flavor while satisfying your nicotine cravings anytime,",,On! Plus Berry Slim Normal | Nicotine Pouches,"Experience the refreshing taste of On! Plus Berry Slim Normal nicotine pouches. Convenient and discreet, enjoy nicotine without the smoke.",https://nicotine-pouches.org/wp-content/uploads/2024/08/on-plus-berry-slim-normal-1.png,https://nicotine-pouches.org/us/product/on-plus-berry-slim-normal/,"index, follow, max-image-preview:large, max-snippet:-1, max-video-preview:-1",on-plus-berry-slim-normal,product,720,On! Plus Berry Slim Normal,Related products | Reviews | Reviews | About the product | Welcome! | Create Account
https://nicotine-pouches.org/product-category/cuba/,CUBA Archives | Nicotine Pouches,,,CUBA Archives | Nicotine Pouches,,https://nicotine-pouches.org/wp-content/uploads/2024/08/VTBCzA2UTrKheVbxmzM3BYKLWEqhmlw8JjgaSvx1.webp,https://nicotine-pouches.org/product-category/cuba/,"index, follow, max-image-preview:large, max-snippet:-1, max-video-preview:-1",cuba,page,957,CUBA,Filters | Cuba Energy | Cuba Cherry White | Cuba Pineapple White | Cuba Double Fresh White | Cuba Blueberry Black | Cuba White Line | Cuba Blueberry White | Cuba Cherry Black | CUBA BLACK BLUEBERRY SLIM | Cuba Bubblegum | Cuba Black Pineapple Slim | Cuba Pineapple Black | Cuba Double Fresh Black | Set Price Alert | Welcome! | Create Account
https://nicotine-pouches.org/product-category/siberia/,Siberia Archives | Nicotine Pouches,,,Siberia Archives | Nicotine Pouches,,https://nicotine-pouches.org/wp-content/uploads/2025/02/maxi_all_white_860x860.webp,https://nicotine-pouches.org/product-category/siberia/,"index, follow, max-image-preview:large, max-snippet:-1, max-video-preview:-1",siberia,page,818,Siberia,Filters | SIBERIA PORTION | Siberia Slim | Siberia Maxi All White Portion | Set Price Alert | Welcome! | Create Account
https://nicotine-pouches.org/product-category/blck/,BLCK Archives | Nicotine Pouches,,,BLCK Archives | Nicotine Pouches,,https://nicotine-pouches.org/wp-content/uploads/2024/03/Blueberry_Nicotine_Pouches_by_Blck_12MG_2048x2048.jpg,https://nicotine-pouches.org/product-category/blck/,"index, follow, max-image-preview:large, max-snippet:-1, max-video-preview:-1",blck,page,859,BLCK,Filters | Cola Nicotine Pouches by Blck | Blueberry Nicotine Pouches by Blck | Melon Nicotine Pouches by Blck | Spearmint Nicotine Pouches by Blck | Watermelon Nicotine Pouches by Blck | Set Price Alert | Welcome! | Create Account
https://nicotine-pouches.org/guides/,Guides | Nicotine Pouches,,,Guides | Nicotine Pouches,,https://nicotine-pouches.org/wp-content/uploads/2024/04/logo-2.png,https://nicotine-pouches.org/guides/,"index, follow, max-image-preview:large, max-snippet:-1, max-video-preview:-1",guides,blog,1032,Guides,What are Xpct nicotine pouches? | What are Nordic Spirit nicotine pouches? | Are nicotine pouches legal in the UK? | What are snuff nicotine pouches? | What are nicotine gum pouches? | What are pouches with nicotine? | What’s the age limit for nicotine pouches? | What are 50mg nicotine pouches? | norwegian nicotine pouches | Do nicotine pouches cause gum disease? | Welcome! | Create Account
https://nicotine-pouches.org/become-a-member/,Become a Member | Nicotine Pouches,"Become a Member 

Membership Benefits

Join Us

Nicotine Pouches Membership

 	Completely free
 	Purchase protection up to £5,000
 	Unlimited price history access
 	Price alerts on your favourite products
 	Save products in smart, shareable lists
 	Register a free account
 Become a member     A Unique Membership 

Whether you're a frequent user of Nicotine Pouches",,Become a Member | Nicotine Pouches,"Become a Member 

Membership Benefits

Join Us

Nicotine Pouches Membership

 	Completely free
 	Purchase protection up to £5,000
 	Unlimited price history access
 	Price alerts on your favourite products
 	Save products in smart, shareable lists
 	Register a free account
 Become a member     A Unique Membership 

Whether you're a frequent user of Nicotine Pouches",https://nicotine-pouches.org/wp-content/uploads/2024/04/logo-2.png,https://nicotine-pouches.org/become-a-member/,"index, follow, max-image-preview:large, max-snippet:-1, max-video-preview:-1",become-a-member,page,748,,Become a Member | A Unique Membership | Welcome! | Create Account
https://nicotine-pouches.org/product-category/helwit/,Helwit Archives | Nicotine Pouches,,,Helwit Archives | Nicotine Pouches,,https://nicotine-pouches.org/wp-content/uploads/2024/08/helwit-cola-slim-normal-2.png,https://nicotine-pouches.org/product-category/helwit/,"index, follow, max-image-preview:large, max-snippet:-1, max-video-preview:-1",helwit,page,807,Helwit,Filters | Helwit Mocha | Helwit Cola Slim Normal | Set Price Alert | Welcome! | Create Account
https://nicotine-pouches.org/product-category/pablo/,PABLO Archives | Nicotine Pouches,,,PABLO Archives | Nicotine Pouches,,https://nicotine-pouches.org/wp-content/uploads/2024/03/Arctic_Mint_Nicotine_Pouches_by_Extreme_16MG_2048x2048.jpg,https://nicotine-pouches.org/product-category/pablo/,"index, follow, max-image-preview:large, max-snippet:-1, max-video-preview:-1",pablo,page,1085,PABLO,Filters | Mango Ice Nicotine Pouches by Pablo | Übbs Spearmint | Berries Nicotine Pearls by Nicopop | White Fox Black Edition | Übbs Watermelon | Frosted Ice Nicotine Pouches by Pablo | Energy Neptune Nicotine Pouches by Planet | Übbs Berry | Mini X Ice Cold Nicotine Pouches By Pablo | Strawberry Lychee Nicotine Pouches by Pablo | Ice Cold Nicotine Pouches by Pablo | Bubblegum Nicotine Pouches by Pablo | Mini Red Nicotine Pouches By Pablo | Strawberry Cheesecake Nicotine Pouches by Pablo | Fresh Mint Nicotine Pearls by Nicopop | Pear Nicotine Pouches by Pablo | Arctic Mint Nicotine Pouches by Extreme | Grape Ice Nicotine Pouches by Pablo | Übbs Peppermint | Banana Ice Nicotine Pouches by Pablo | Set Price Alert | Welcome! | Create Account
https://nicotine-pouches.org/product/espressino-mini-nicotine-pouches-by-zyn-3/,ZYN Espressino Mini Strong 6 mg | Nicotine Pouches,"Experience a quick nicotine boost with ZYN Espressino Mini Strong 6mg nicotine pouches. These convenient pouches offer a strong flavor and consistent nicotine delivery. Perfect for those on-the-go seeking a discreet and flavorful option. Discover an easy way to enjoy nicotine pouches anytime, anywhere.",,ZYN Espressino Mini Strong 6 mg | Nicotine Pouches,"Enjoy the bold flavor of ZYN Espressino Mini Strong 6mg nicotine pouches. Convenient, discreet, and perfect for a quick nicotine boost on the go.",https://nicotine-pouches.org/wp-content/uploads/2024/08/zyn-espressino-mini-strong-6-mg-1.png,https://nicotine-pouches.org/us/product/espressino-mini-nicotine-pouches-by-zyn-3/,"index, follow, max-image-preview:large, max-snippet:-1, max-video-preview:-1",espressino-mini-nicotine-pouches-by-zyn-3,product,701,ZYN Espressino Mini Strong 6 mg,Related products | Reviews | Reviews | About the product | Welcome! | Create Account
https://nicotine-pouches.org/product-category/garant/,GARANT Archives | Nicotine Pouches,,,GARANT Archives | Nicotine Pouches,,https://nicotine-pouches.org/wp-content/uploads/2024/04/logo-2.png,https://nicotine-pouches.org/product-category/garant/,"index, follow, max-image-preview:large, max-snippet:-1, max-video-preview:-1",garant,page,552,GARANT,Welcome! | Create Account
https://nicotine-pouches.org/product-category/killa/,KILLA Archives | Nicotine Pouches,,,KILLA Archives | Nicotine Pouches,,https://nicotine-pouches.org/wp-content/uploads/2024/03/13_Extreme_Nicotine_Pouches_by_Killa_12.8MG_2048x2048.jpg,https://nicotine-pouches.org/product-category/killa/,"index, follow, max-image-preview:large, max-snippet:-1, max-video-preview:-1",killa,page,1049,KILLA,Filters | KILLA Cold X Mint | KILLA Grape Ice | KILLA Strawberry Cheesecake | Killa Melon Extreme | Killa Cola Extreme | Killa Cold Mint Extreme | Killa Pineapple | Killa X Cold Min | Killa Banana Ice | Killa Dry Frosted Mint | Killa Blueberry | Killa Cold Mint XXL | Killa Watermelon Extreme | Killa Dry Cold Mint | Killa Spearmint Extreme | Killa Mini Cold Mint | Killa 13 Extreme | Killa Dry Mango Ice | Killa Dry Watermelon | Killa Strawberry Lychee | Set Price Alert | Welcome! | Create Account
https://nicotine-pouches.org/terms-and-conditions/,Terms and Conditions | Nicotine Pouches,"Terms and Conditions 





Last Updated 12 April 2024

We want you to be satisfied with your visit to our website and have established",,Terms and Conditions | Nicotine Pouches,"Terms and Conditions 





Last Updated 12 April 2024

We want you to be satisfied with your visit to our website and have established",https://nicotine-pouches.org/wp-content/uploads/2024/04/logo-2.png,https://nicotine-pouches.org/terms-and-conditions/,"index, follow, max-image-preview:large, max-snippet:-1, max-video-preview:-1",terms-and-conditions,page,5119,,Terms and Conditions | Welcome! | Create Account
https://nicotine-pouches.org/product-category/77/,77 Archives | Nicotine Pouches,,,77 Archives | Nicotine Pouches,,https://nicotine-pouches.org/wp-content/uploads/2024/08/nnFtzlzHlO3GHxaXhbwdPNvzQsEe24IlDLcIKH4B.webp,https://nicotine-pouches.org/product-category/77/,"index, follow, max-image-preview:large, max-snippet:-1, max-video-preview:-1",77,page,1032,77,Filters | 77 RASPBERRY 20MG | Watermelon Nicotine Pouches By 77 | Raspberry Nicotine Pouches By 77 | 77 COLA VANILLA MEDIUM | Black Currant Nicotine Pouches By 77 | Strawberry Nicotine Pouches By 77 | Ghost Nicotine Pouches By 77 | Forest Fruits Nicotine Pouches By 77 | Fresh Mint Nicotine Pouches By 77 | Watermelon Ice Nicotine Pouches By 77 | 77 Ice Mint | Cola & Vanilla Nicotine Pouches By 77 | Peach & Mint Nicotine Pouches By 77 | Tropical Mint Nicotine Pouches By 77 | Classic Tobacco Nicotine Pouches By 77 | Cola & Cherry Nicotine Pouches By 77 | Set Price Alert | Welcome! | Create Account
https://nicotine-pouches.org/product/icy-blackcurrant-nicotine-pouches-by-zyn-3/,Compare ZYN Icy Blackcurrant Prices - Best Deals Online,Find the best prices on ZYN Icy Blackcurrant nicotine pouches. Compare deals now to save money on your next purchase and enjoy great value!,,Compare ZYN Icy Blackcurrant Prices - Best Deals Online,Find the best prices on ZYN Icy Blackcurrant nicotine pouches. Compare deals now to save money on your next purchase and enjoy great value!,https://nicotine-pouches.org/wp-content/uploads/2024/08/zyn-icy-blackcurrant-xx-strong-12-5-mg-1.png,https://nicotine-pouches.org/us/product/icy-blackcurrant-nicotine-pouches-by-zyn-3/,"index, follow, max-image-preview:large, max-snippet:-1, max-video-preview:-1",icy-blackcurrant-nicotine-pouches-by-zyn-3,product,719,ZYN Icy Blackcurrant XX-Strong 12.5 mg,Related products | Reviews | Reviews | About the product | Welcome! | Create Account
https://nicotine-pouches.org/product-category/skruf/,SKRUF Archives | Nicotine Pouches,,,SKRUF Archives | Nicotine Pouches,,https://nicotine-pouches.org/wp-content/uploads/2024/08/cwjy09amoP7qNi2xkFvRXi75MhiHTckxCEpfSeMB.webp,https://nicotine-pouches.org/product-category/skruf/,"index, follow, max-image-preview:large, max-snippet:-1, max-video-preview:-1",skruf,page,841,SKRUF,Filters | SKRUF FRESH MINT S3 | SKRUF FROZEN MINT SUPERSLIM S4 | SKRUF FRESH FREEZE ULTRA LIMITED | SKRUF FRESH MINT S4 | Set Price Alert | Welcome! | Create Account
https://nicotine-pouches.org/us/,Nicotine Pouches US | Compare Prices on all vendors,"We track daily prices from all major US vendors to guarantee the lowest price on your favorite nicotine pouch brands. No hidden fees just real-time, transparent comparisons.",,Nicotine Pouches US | Compare Prices on all vendors,"We track daily prices from all major US vendors to guarantee the lowest price on your favorite nicotine pouch brands. No hidden fees just real-time, transparent comparisons.",https://nicotine-pouches.org/wp-content/uploads/2024/04/logo-2.png,https://nicotine-pouches.org/us/,"index, follow, max-image-preview:large, max-snippet:-1, max-video-preview:-1",us,page,1984,"Nicotine Pouches | All vendors in
one place","Trending US
Nicotine Pouches | Trending UK
Nicotine Pouches | Last visited products | FRE Lush 12mg | Grizzly Original 12mg | Juice Head Blueberry Lemon Mint 12mg | LUCY Apple Ice 12mg | Bridge Citrus 15mg | White Fox Full Charge | HIT Blackberry 13mg | Siberia All White Mini 15mg | SYX Blueberry 12mg | Set Price Alert | Best deals of the day | FRE Mint 12mg | Grizzly Original 15mg | Juice Head Mango Strawberry Mint 12mg | LUCY Espresso 12mg | Bridge Cool Mint 10mg | HIT Blueberry 13mg | SYX Original 12mg | White Fox Peppered Mint 12mg | ZEO Menthol Evergreen 12mg | Set Price Alert | Best deals of the day | FRE Original 12mg | Grizzly Southern 12mg | Juice Head Peach Pineapple Mint 12mg | LUCY Mint 12mg | Bridge Cool Mint 15mg | HIT Cherry 13mg | SYX Peppermint 12mg | White Fox Mint Slim 12mg | ZEO Mint Breeze 12mg | Set Price Alert | Discover the Best Nicotine Pouches US with Our Price Comparison Service | What are Xpct nicotine pouches? | What are Nordic Spirit nicotine pouches? | Are nicotine pouches legal in the UK? | What are snuff nicotine pouches? | What are nicotine gum pouches? | What are pouches with nicotine? | What’s the age limit for nicotine pouches? | What are 50mg nicotine pouches? | norwegian nicotine pouches | Do nicotine pouches cause gum disease? | Welcome! | Create Account"
https://nicotine-pouches.org/product/spearmint-nicotine-pouches-by-nordic-spirit-3/,Spearmint Nicotine Pouches by Nordic Spirit | Nicotine Pouches,"Experience the refreshing taste of Spearmint Nicotine Pouches by Nordic Spirit. These nicotine pouches offer a convenient and discreet way to enjoy a nicotine kick anytime, anywhere. With a burst of cool spearmint flavor, these pouches deliver a satisfying nicotine experience without tobacco. Upgrade your nicotine routine with Nordic Spirit Spearmint Nicotine Pouches today.",,Spearmint Nicotine Pouches by Nordic Spirit | Nicotine Pouches,"Enjoy a refreshing experience with Spearmint Nicotine Pouches from Nordic Spirit. Convenient, discreet, and free from tobacco. Ideal for on-the-go users.",https://nicotine-pouches.org/wp-content/uploads/2024/03/Spearmint_Nicotine_Pouches_by_Nordic_Spirit_2048x2048.jpg,https://nicotine-pouches.org/product/spearmint-nicotine-pouches-by-nordic-spirit-3/,"index, follow, max-image-preview:large, max-snippet:-1, max-video-preview:-1",spearmint-nicotine-pouches-by-nordic-spirit-3,product,747,Spearmint Nicotine Pouches by Nordic Spirit,Related products | Reviews | Reviews | About the product | Welcome! | Create Account
https://nicotine-pouches.org/product-category/grant/,Grant Archives | Nicotine Pouches,,,Grant Archives | Nicotine Pouches,,https://nicotine-pouches.org/wp-content/uploads/2024/03/Extreme_Edition_Nicotine_Pouches_by_Grant_SNUS_50MG_2048x2048.png,https://nicotine-pouches.org/product-category/grant/,"index, follow, max-image-preview:large, max-snippet:-1, max-video-preview:-1",grant,page,870,Grant,Filters | Mint Nicotine Pouches by Grant SNUS | Orange Nicotine Pouches by Grant SNUS | Ice Peach Extreme Nicotine Pouches by Grant SNUS | Mango Lime Extreme Edition Nicotine Pouches by Grant SNUS | Extreme Edition Nicotine Pouches by Grant SNUS | Set Price Alert | Welcome! | Create Account
https://nicotine-pouches.org/why-nicotine-pouches/,Why Choose Nicotine Pouches? | Nicotine Pouches,Why Choose Nicotine Pouches?,,Why Choose Nicotine Pouches? | Nicotine Pouches,Why Choose Nicotine Pouches?,https://nicotine-pouches.org/wp-content/uploads/2024/04/logo-2.png,https://nicotine-pouches.org/why-nicotine-pouches/,"index, follow, max-image-preview:large, max-snippet:-1, max-video-preview:-1",why-nicotine-pouches,page,710,,Why Choose Nicotine Pouches? | Welcome! | Create Account
https://nicotine-pouches.org/digital-services-act/,Digital Services Act | Nicotine Pouches,Digital Services Act (DSA),,Digital Services Act | Nicotine Pouches,Digital Services Act (DSA),https://nicotine-pouches.org/wp-content/uploads/2024/04/logo-2.png,https://nicotine-pouches.org/digital-services-act/,"index, follow, max-image-preview:large, max-snippet:-1, max-video-preview:-1",digital-services-act,page,799,,Digital Services Act (DSA) | Welcome! | Create Account
